District,Place_Name,Category,Best_Month,Accommodation_Name,Budget,Rating,Weather,Best_Route,,,,,,,,,,,,,,,,
Salem,Yercaud,Hill Station,Oct-Jun,Grand Palace Hotel & Spa,"₹ 5,000",4.8,Cool,Salem → Yercaud,,,,,,,,,,,,,,,,
Salem,Kiliyur Falls,Waterfall,Jul-Jan,Great Trails Yercaud,"₹ 6,500",4.7,Pleasant,Yercaud → Kiliyur Falls,,,,,,,,,,,,,,,,
Salem,Shevaroy Temple,Temple,Oct-Feb,Sterling Yercaud,"₹ 5,500",4.6,Pleasant,Yercaud Peak,,,,,,,,,,,,,,,,
Salem,Sugavaneswarar Temple,Temple,Oct-Feb,Radisson Salem,"₹ 6,000",4.7,Pleasant,Salem City,,,,,,,,,,,,,,,,
Salem,Salem Jumma Mosque,Mosque,Nov-Feb,Zibe Salem,"₹ 2,500",4.4,Pleasant,Salem Town,,,,,,,,,,,,,,,,
Salem,Infant Jesus Cathedral,Church,Nov-Feb,CJ Pallazzio,"₹ 4,500",4.5,Pleasant,Salem City,,,,,,,,,,,,,,,,
Salem,Sankagiri Fort,Fort,Oct-Feb,Hotel Windsor Castle,"₹ 3,000",4.5,Pleasant,Salem → Sankagiri,,,,,,,,,,,,,,,,
Salem,Kurumbapatti Zoo,Wildlife,Nov-Feb,Radisson Salem,"₹ 6,000",4.4,Pleasant,Salem City,,,,,,,,,,,,,,,,
Salem,Mookaneri Lake,Lake,Nov-Feb,CJ Pallazzio,"₹ 4,500",4.4,Pleasant,Salem City,,,,,,,,,,,,,,,,
Salem,Pagoda Point,View Point,Oct-Jun,Sterling Yercaud,"₹ 5,500",4.8,Cool,Yercaud,,,,,,,,,,,,,,,,
Madurai,Meenakshi Amman Temple,Temple,Oct-Mar,Courtyard by Marriott,"₹ 6,500",5,Pleasant,Madurai City,,,,,,,,,,,,,,,,
Madurai,Kazimar Big Mosque,Mosque,Nov-Feb,Heritage Madurai,"₹ 7,000",4.5,Pleasant,Madurai City,,,,,,,,,,,,,,,,
Madurai,St Mary's Cathedral,Church,Nov-Feb,Poppys Hotel,"₹ 4,000",4.5,Pleasant,Madurai City,,,,,,,,,,,,,,,,
Madurai,Alagar Kovil,Pilgrim,Oct-Feb,JC Residency,"₹ 4,500",4.8,Pleasant,Madurai → Alagar Kovil,,,,,,,,,,,,,,,,
Madurai,Pazhamudhir Solai,Pilgrim,Oct-Feb,Kadambavanam Resort,"₹ 5,000",4.8,Pleasant,Alagar Hills,,,,,,,,,,,,,,,,
Madurai,Thirumalai Nayakkar Mahal,Palace,Oct-Mar,Regency by GRT,"₹ 5,500",4.8,Pleasant,Madurai City,,,,,,,,,,,,,,,,
Madurai,Gandhi Museum,Museum,All Year,Astoria Hotels,"₹ 3,500",4.5,Warm,Madurai City,,,,,,,,,,,,,,,,
Madurai,Samanar Hills,Heritage,Nov-Feb,Heritage Madurai,"₹ 7,000",4.6,Pleasant,Madurai → Keelakuyilkudi,,,,,,,,,,,,,,,,
Madurai,Kutladampatti Falls,Waterfall,Jul-Jan,Kadambavanam Resort,"₹ 5,000",4.6,Pleasant,Madurai → Vadipatti,,,,,,,,,,,,,,,,
Madurai,Goripalayam Dargah,Pilgrim,Nov-Feb,Poppys Hotel,"₹ 4,000",4.5,Pleasant,Madurai City,,,,,,,,,,,,,,,,
Dindigul,Kodaikanal Lake,Lake,Apr-Jun,The Carlton,"₹ 9,000",4.9,Cool,Kodai Town,,,,,,,,,,,,,,,,
Dindigul,Coaker's Walk,View Point,Apr-Jun,Kodai Resort Hotel,"₹ 7,000",4.8,Cool,Kodai Town,,,,,,,,,,,,,,,,
Dindigul,Bryant Park,Park,Apr-Jun,Villa Retreat,"₹ 6,000",4.7,Cool,Kodai Town,,,,,,,,,,,,,,,,
Dindigul,Pillar Rocks,View Point,Oct-May,The Carlton,"₹ 9,000",4.8,Cool,Kodai → Pillar Rocks,,,,,,,,,,,,,,,,
Dindigul,Silver Cascade Falls,Waterfall,Jul-Jan,Villa Retreat,"₹ 6,000",4.7,Pleasant,Kodai Entrance,,,,,,,,,,,,,,,,
Dindigul,Palani Murugan Temple,Pilgrim,Oct-Feb,Hotel SR,"₹ 2,500",4.9,Pleasant,Palani Town,,,,,,,,,,,,,,,,
Dindigul,Begambur Mosque,Mosque,Nov-Feb,Vivera Grande,"₹ 3,500",4.3,Pleasant,Dindigul City,,,,,,,,,,,,,,,,
Dindigul,St Joseph Church,Church,Nov-Feb,Vivera Grande,"₹ 3,500",4.4,Pleasant,Dindigul City,,,,,,,,,,,,,,,,
Dindigul,Dindigul Fort,Fort,Oct-Feb,Hotel PVK Grand,"₹ 3,000",4.6,Pleasant,Dindigul City,,,,,,,,,,,,,,,,
Dindigul,Guna Caves,Heritage,Oct-May,The Carlton,"₹ 9,000",4.7,Cool,Kodai Hills,,,,,,,,,,,,,,,,
Kanyakumari,Kanyakumari Beach,Beach,Oct-Mar,Sparsa Resort,"₹ 5,500",4.8,Pleasant,Kanyakumari Town,,,,,,,,,,,,,,,,
Kanyakumari,Vivekananda Rock,Heritage,Oct-Mar,Hotel Sea View,"₹ 4,000",4.9,Pleasant,Ferry from Shore,,,,,,,,,,,,,,,,
Kanyakumari,Kumari Amman Temple,Temple,Oct-Feb,Hotel Temple Citi,"₹ 3,000",4.8,Pleasant,Kanyakumari Town,,,,,,,,,,,,,,,,
Kanyakumari,Kottar St Xavier Church,Church,Nov-Feb,Pioneer Grand Palace,"₹ 5,000",4.7,Pleasant,Nagercoil,,,,,,,,,,,,,,,,
Kanyakumari,Kottar Mosque,Mosque,Nov-Feb,Pioneer Grand Palace,"₹ 5,000",4.4,Pleasant,Nagercoil,,,,,,,,,,,,,,,,
Kanyakumari,Suchindram Temple,Pilgrim,Oct-Feb,Hotel Udupi International,"₹ 3,000",4.8,Pleasant,Nagercoil → Suchindram,,,,,,,,,,,,,,,,
Kanyakumari,Vattakottai Fort,Fort,Oct-Feb,Annai Resorts,"₹ 4,500",4.7,Pleasant,Kanyakumari Coast,,,,,,,,,,,,,,,,
Kanyakumari,Padmanabhapuram Palace,Palace,Oct-Feb,Hotel Comorin Grand,"₹ 3,500",4.8,Pleasant,Thuckalay,,,,,,,,,,,,,,,,
Kanyakumari,Thirparappu Falls,Waterfall,Jul-Jan,Annai Resorts,"₹ 4,500",4.7,Pleasant,Kulasekaram,,,,,,,,,,,,,,,,
Kanyakumari,Mathur Aqueduct,Heritage,Oct-Feb,Comorin Grand,"₹ 3,500",4.6,Pleasant,Aruvikkarai,,,,,,,,,,,,,,,,
Erode,Sangameswarar Temple Bhavani,Temple,Oct-Feb,Hotel Radha Prasad,"₹ 2,500",4.8,Pleasant,Erode → Bhavani,,,,,,,,,,,,,,,,
Erode,Pallipalayam Mosque,Mosque,Nov-Feb,Hotel Turmeric,"₹ 2,200",4.3,Pleasant,Erode City,,,,,,,,,,,,,,,,
Erode,CSI Holy Trinity Church,Church,Nov-Feb,Hotel Atrium,"₹ 2,800",4.4,Pleasant,Erode City,,,,,,,,,,,,,,,,
Erode,Bhavani Kooduthurai,Pilgrim,Oct-Feb,Hotel Radha Prasad,"₹ 2,500",4.8,Pleasant,Bhavani,,,,,,,,,,,,,,,,
Erode,Kodiveri Dam,Dam,Jul-Jan,Shree Residency,"₹ 2,500",4.7,Pleasant,Gobichettipalayam,,,,,,,,,,,,,,,,
Erode,Vellode Bird Sanctuary,Wildlife,Nov-Feb,Hotel Atrium,"₹ 2,800",4.5,Pleasant,Erode → Vellode,,,,,,,,,,,,,,,,
Erode,Chennimalai Temple,Temple,Oct-Feb,Hotel Turmeric,"₹ 2,200",4.7,Pleasant,Erode → Chennimalai,,,,,,,,,,,,,,,,
Erode,Sankagiri Fort,Fort,Oct-Feb,Hotel Oxford,"₹ 3,000",4.6,Pleasant,Erode → Sankagiri,,,,,,,,,,,,,,,,
Erode,Perumpallam Dam,Nature,Oct-Feb,Hotel Atrium,"₹ 2,800",4.4,Pleasant,Erode Outskirts,,,,,,,,,,,,,,,,
Erode,Government Museum Erode,Museum,All Year,Hotel Oxford,"₹ 3,000",4.3,Warm,Erode City,,,,,,,,,,,,,,,,
Namakkal,Anjaneyar Temple,Temple,Oct-Feb,Hotel Coastal Residency,"₹ 2,500",4.9,Pleasant,Namakkal City,,,,,,,,,,,,,,,,
Namakkal,Namakkal Mosque,Mosque,Nov-Feb,Hotel Priya Towers,"₹ 2,200",4.3,Pleasant,Namakkal City,,,,,,,,,,,,,,,,
Namakkal,CSI Church Namakkal,Church,Nov-Feb,Hotel Priya Towers,"₹ 2,200",4.3,Pleasant,Namakkal City,,,,,,,,,,,,,,,,
Namakkal,Namagiri Amman Temple,Pilgrim,Oct-Feb,Hotel Coastal Residency,"₹ 2,500",4.8,Pleasant,Namakkal,,,,,,,,,,,,,,,,
Namakkal,Namakkal Fort,Fort,Oct-Feb,Hotel Golden Palace,"₹ 3,000",4.7,Pleasant,Namakkal Town,,,,,,,,,,,,,,,,
Namakkal,Kolli Hills,Hill Station,Oct-Mar,Silverline Retreat,"₹ 4,500",4.9,Cool,Namakkal → Kolli Hills,,,,,,,,,,,,,,,,
Namakkal,Aagaya Gangai Falls,Waterfall,Jul-Jan,Silverline Retreat,"₹ 4,500",4.8,Pleasant,Kolli Hills,,,,,,,,,,,,,,,,
Namakkal,Seeku Parai View Point,View Point,Oct-Mar,NPS Lake View Resort,"₹ 4,000",4.7,Cool,Kolli Hills,,,,,,,,,,,,,,,,
Namakkal,Arappaleeswarar Temple,Temple,Oct-Feb,NPS Lake View Resort,"₹ 4,000",4.8,Pleasant,Kolli Hills,,,,,,,,,,,,,,,,
Namakkal,Botanical Garden Kolli Hills,Nature,Oct-Mar,Silverline Retreat,"₹ 4,500",4.5,Cool,Kolli Hills,,,,,,,,,,,,,,,,
Krishnagiri,Chandrachoodeswarar Temple,Temple,Oct-Feb,Hotel Velan International,"₹ 2,800",4.7,Pleasant,Hosur,,,,,,,,,,,,,,,,
Krishnagiri,Hosur Mosque,Mosque,Nov-Feb,Claresta Hotel,"₹ 4,500",4.4,Pleasant,Hosur City,,,,,,,,,,,,,,,,
Krishnagiri,Sacred Heart Church,Church,Nov-Feb,Claresta Hotel,"₹ 4,500",4.4,Pleasant,Hosur,,,,,,,,,,,,,,,,
Krishnagiri,Denkanikottai Temple Circuit,Pilgrim,Oct-Feb,Hotel Velan,"₹ 2,800",4.6,Pleasant,Denkanikottai,,,,,,,,,,,,,,,,
Krishnagiri,Krishnagiri Dam,Dam,Oct-Feb,Mango Hotels,"₹ 3,500",4.7,Pleasant,Krishnagiri,,,,,,,,,,,,,,,,
Krishnagiri,Krishnagiri Fort,Fort,Oct-Feb,Mango Hotels,"₹ 3,500",4.5,Pleasant,Krishnagiri Town,,,,,,,,,,,,,,,,
Krishnagiri,Kelavarapalli Dam,Nature,Oct-Feb,Claresta Hotel,"₹ 4,500",4.5,Pleasant,Hosur,,,,,,,,,,,,,,,,
Krishnagiri,Rayakottai Fort,Heritage,Oct-Feb,Hotel Velan,"₹ 2,800",4.6,Pleasant,Rayakottai,,,,,,,,,,,,,,,,
Krishnagiri,Hogenakkal View Point,Nature,Jul-Jan,Mango Hotels,"₹ 3,500",4.8,Pleasant,Pennagaram Route,,,,,,,,,,,,,,,,
Krishnagiri,Government Museum Hosur,Museum,All Year,Claresta Hotel,"₹ 4,500",4.2,Warm,Hosur,,,,,,,,,,,,,,,,
Dharmapuri,Theerthamalai Temple,Temple,Oct-Feb,Hotel Adhiyaman,"₹ 2,500",4.8,Pleasant,Dharmapuri,,,,,,,,,,,,,,,,
Dharmapuri,Dharmapuri Mosque,Mosque,Nov-Feb,Hotel Sivaraj,"₹ 2,200",4.3,Pleasant,Dharmapuri Town,,,,,,,,,,,,,,,,
Dharmapuri,Sacred Heart Church,Church,Nov-Feb,Hotel Sivaraj,"₹ 2,200",4.4,Pleasant,Dharmapuri,,,,,,,,,,,,,,,,
Dharmapuri,Hogenakkal Falls,Waterfall,Jul-Jan,Hogenakkal Falls Resort,"₹ 3,500",4.9,Pleasant,Dharmapuri → Hogenakkal,,,,,,,,,,,,,,,,
Dharmapuri,Adhiyamankottai Fort,Fort,Oct-Feb,Hotel Adhiyaman,"₹ 2,500",4.6,Pleasant,Dharmapuri,,,,,,,,,,,,,,,,
Dharmapuri,Crocodile Park Hogenakkal,Wildlife,Nov-Feb,Hogenakkal Resort,"₹ 3,500",4.5,Pleasant,Hogenakkal,,,,,,,,,,,,,,,,
Dharmapuri,Kottai Kovil,Temple,Oct-Feb,Hotel Sivaraj,"₹ 2,200",4.5,Pleasant,Dharmapuri,,,,,,,,,,,,,,,,
Dharmapuri,Vathalmalai Hills,Hill Station,Oct-Mar,Vathalmalai Eco Stay,"₹ 3,000",4.7,Cool,Harur,,,,,,,,,,,,,,,,
Dharmapuri,Morappur View Point,Nature,Oct-Feb,Hotel Adhiyaman,"₹ 2,500",4.4,Pleasant,Morappur,,,,,,,,,,,,,,,,
Dharmapuri,Mettur Border View Area,Nature,Oct-Feb,Hotel Sivaraj,"₹ 2,200",4.3,Pleasant,Dharmapuri Outskirts,,,,,,,,,,,,,,,,
Vellore,Sripuram Golden Temple,Temple,Oct-Feb,Regency Sameera,"₹ 4,500",4.9,Pleasant,Vellore City,,,,,,,,,,,,,,,,
Vellore,Vellore Mosque,Mosque,Nov-Feb,Benzz Park Hotel,"₹ 4,000",4.3,Pleasant,Vellore,,,,,,,,,,,,,,,,
Vellore,CSI Church Vellore,Church,Nov-Feb,Benzz Park Hotel,"₹ 4,000",4.4,Pleasant,Vellore,,,,,,,,,,,,,,,,
Vellore,Jalakandeswarar Temple,Pilgrim,Oct-Feb,Regency Sameera,"₹ 4,500",4.8,Pleasant,Vellore Fort,,,,,,,,,,,,,,,,
Vellore,Vellore Fort,Fort,Oct-Feb,Regency Sameera,"₹ 4,500",4.8,Pleasant,Vellore City,,,,,,,,,,,,,,,,
Vellore,Government Museum Vellore,Museum,All Year,Benzz Park,"₹ 4,000",4.4,Warm,Vellore Fort,,,,,,,,,,,,,,,,
Vellore,Amirthi Zoological Park,Wildlife,Nov-Feb,Khanna Fiesta,"₹ 3,500",4.6,Pleasant,Amirthi,,,,,,,,,,,,,,,,
Vellore,Yelagiri Hills,Hill Station,Oct-Mar,Sterling Yelagiri,"₹ 5,000",4.8,Cool,Vaniyambadi → Yelagiri,,,,,,,,,,,,,,,,
Vellore,Jalagamparai Falls,Waterfall,Jul-Jan,Sterling Yelagiri,"₹ 5,000",4.7,Pleasant,Yelagiri,,,,,,,,,,,,,,,,
Vellore,Swamimalai Hills Yelagiri,Trekking,Oct-Mar,AGS Holiday Resorts,"₹ 4,500",4.6,Cool,Yelagiri,,,,,,,,,,,,,,,,
Ranipet,Arcot Fort,Fort,Oct-Feb,Hotel Prince Park,"₹ 3,000",4.6,Pleasant,Ranipet → Arcot,,,,,,,,,,,,,,,,
Ranipet,Jalakandeswarar Temple Arcot,Temple,Oct-Feb,Hotel River View,"₹ 2,500",4.7,Pleasant,Arcot Town,,,,,,,,,,,,,,,,
Ranipet,Arcot Mosque,Mosque,Nov-Feb,Hotel Prince Park,"₹ 3,000",4.4,Pleasant,Arcot,,,,,,,,,,,,,,,,
Ranipet,CSI Church Arcot,Church,Nov-Feb,Hotel River View,"₹ 2,500",4.3,Pleasant,Arcot,,,,,,,,,,,,,,,,
Ranipet,Delhi Gate Arcot,Heritage,Oct-Feb,Hotel Prince Park,"₹ 3,000",4.5,Pleasant,Arcot,,,,,,,,,,,,,,,,
Ranipet,Palar River Bank,Nature,Nov-Feb,Hotel River View,"₹ 2,500",4.2,Pleasant,Arcot,,,,,,,,,,,,,,,,
Ranipet,Walajah Heritage Area,Heritage,Oct-Feb,Hotel Regency,"₹ 3,500",4.4,Pleasant,Walajah,,,,,,,,,,,,,,,,
Ranipet,Navalpur Lake,Lake,Nov-Feb,Hotel Regency,"₹ 3,500",4.3,Pleasant,Ranipet,,,,,,,,,,,,,,,,
Ranipet,Sholinghur Temple,Pilgrim,Oct-Feb,Sholinghur Residency,"₹ 2,200",4.8,Pleasant,Sholinghur,,,,,,,,,,,,,,,,
Ranipet,Ratnagiri Temple,Temple,Oct-Feb,Sholinghur Residency,"₹ 2,200",4.7,Pleasant,Ranipet,,,,,,,,,,,,,,,,
Tirupathur,Yelagiri Hills,Hill Station,Oct-Mar,Sterling Yelagiri,"₹ 5,000",4.8,Cool,Tirupathur → Yelagiri,,,,,,,,,,,,,,,,
Tirupathur,Jalagamparai Falls,Waterfall,Jul-Jan,AGS Holiday Resort,"₹ 4,500",4.7,Pleasant,Yelagiri,,,,,,,,,,,,,,,,
Tirupathur,Swamimalai Hills,Trekking,Oct-Mar,Sterling Yelagiri,"₹ 5,000",4.7,Cool,Yelagiri,,,,,,,,,,,,,,,,
Tirupathur,Velavan Temple,Temple,Oct-Feb,Kumararaja Palace Stay,"₹ 3,000",4.7,Pleasant,Yelagiri,,,,,,,,,,,,,,,,
Tirupathur,Tirupathur Mosque,Mosque,Nov-Feb,Hotel Hills,"₹ 2,200",4.3,Pleasant,Tirupathur,,,,,,,,,,,,,,,,
Tirupathur,CSI Church Tirupathur,Church,Nov-Feb,Hotel Hills,"₹ 2,200",4.4,Pleasant,Tirupathur,,,,,,,,,,,,,,,,
Tirupathur,Punganur Lake,Lake,Oct-Mar,AGS Holiday Resort,"₹ 4,500",4.5,Cool,Yelagiri,,,,,,,,,,,,,,,,
Tirupathur,Nature Park Yelagiri,Park,Oct-Mar,Sterling Yelagiri,"₹ 5,000",4.6,Cool,Yelagiri,,,,,,,,,,,,,,,,
Tirupathur,Government Herbal Farm,Nature,Oct-Mar,Kumararaja Palace Stay,"₹ 3,000",4.4,Cool,Yelagiri,,,,,,,,,,,,,,,,
Tirupathur,Telescope Observatory,View Point,Oct-Mar,AGS Holiday Resort,"₹ 4,500",4.5,Cool,Yelagiri,,,,,,,,,,,,,,,,
Tiruvannamalai,Arunachaleswarar Temple,Temple,Oct-Feb,Sparsa Resort,"₹ 5,000",5,Pleasant,Tiruvannamalai City,,,,,,,,,,,,,,,,
Tiruvannamalai,Big Mosque Tiruvannamalai,Mosque,Nov-Feb,Hotel Himalayaa,"₹ 3,500",4.4,Pleasant,Tiruvannamalai,,,,,,,,,,,,,,,,
Tiruvannamalai,Sacred Heart Church,Church,Nov-Feb,Hotel Himalayaa,"₹ 3,500",4.4,Pleasant,Tiruvannamalai,,,,,,,,,,,,,,,,
Tiruvannamalai,Girivalam Path,Pilgrim,Nov-Feb,Sparsa Resort,"₹ 5,000",4.9,Pleasant,Arunachala Hill Circuit,,,,,,,,,,,,,,,,
Tiruvannamalai,Ramana Ashram,Pilgrim,Oct-Feb,Athena Hotel,"₹ 4,000",4.9,Pleasant,Chengam Road,,,,,,,,,,,,,,,,
Tiruvannamalai,Virupaksha Cave,Heritage,Oct-Feb,Athena Hotel,"₹ 4,000",4.7,Pleasant,Arunachala Hill,,,,,,,,,,,,,,,,
Tiruvannamalai,Skandashram,Trekking,Oct-Feb,Sparsa Resort,"₹ 5,000",4.8,Pleasant,Hill Trek Route,,,,,,,,,,,,,,,,
Tiruvannamalai,Sathanur Dam,Dam,Oct-Feb,Hotel Himalayaa,"₹ 3,500",4.6,Pleasant,Tiruvannamalai → Sathanur,,,,,,,,,,,,,,,,
Tiruvannamalai,Beemanmadavu Falls,Waterfall,Jul-Jan,Jawadhu Eco Camp,"₹ 3,000",4.7,Pleasant,Jawadhu Hills,,,,,,,,,,,,,,,,
Tiruvannamalai,Jawadhu Hills,Hill Station,Oct-Mar,Jawadhu Eco Camp,"₹ 3,000",4.8,Cool,Polur → Jawadhu,,,,,,,,,,,,,,,,
Kancheepuram,Kamakshi Amman Temple,Temple,Oct-Feb,GRT Regency,"₹ 4,500",4.9,Pleasant,Kanchipuram City,,,,,,,,,,,,,,,,
Kancheepuram,Ekambareswarar Temple,Temple,Oct-Feb,GRT Regency,"₹ 4,500",4.9,Pleasant,Kanchipuram,,,,,,,,,,,,,,,,
Kancheepuram,Varadharaja Perumal Temple,Pilgrim,Oct-Feb,MM Hotels,"₹ 3,000",4.9,Pleasant,Kanchipuram,,,,,,,,,,,,,,,,
Kancheepuram,Kanchipuram Mosque,Mosque,Nov-Feb,MM Hotels,"₹ 3,000",4.3,Pleasant,Kanchipuram,,,,,,,,,,,,,,,,
Kancheepuram,St Mary's Church,Church,Nov-Feb,MM Hotels,"₹ 3,000",4.4,Pleasant,Kanchipuram,,,,,,,,,,,,,,,,
Kancheepuram,Kailasanathar Temple,Heritage,Oct-Feb,GRT Regency,"₹ 4,500",4.8,Pleasant,Kanchipuram,,,,,,,,,,,,,,,,
Kancheepuram,Ulagalantha Perumal Temple,Pilgrim,Oct-Feb,MM Hotels,"₹ 3,000",4.7,Pleasant,Kanchipuram,,,,,,,,,,,,,,,,
Kancheepuram,Kanchi Kudil,Heritage,All Year,GRT Regency,"₹ 4,500",4.6,Warm,Kanchipuram,,,,,,,,,,,,,,,,
Kancheepuram,Vedanthangal Bird Sanctuary,Wildlife,Nov-Feb,MGM Resort,"₹ 5,000",4.7,Pleasant,Chengalpattu Route,,,,,,,,,,,,,,,,
Kancheepuram,Madurantakam Lake,Nature,Nov-Feb,MGM Resort,"₹ 5,000",4.5,Pleasant,Madurantakam,,,,,,,,,,,,,,,,
Chengalpattu,Mahabalipuram Shore Temple,Heritage,Oct-Feb,Radisson Blu Temple Bay,"₹ 8,000",4.9,Pleasant,Chennai → ECR,,,,,,,,,,,,,,,,
Chengalpattu,Five Rathas,Heritage,Oct-Feb,Radisson Blu Temple Bay,"₹ 8,000",4.8,Pleasant,Mahabalipuram,,,,,,,,,,,,,,,,
Chengalpattu,Arjuna's Penance,Heritage,Oct-Feb,Grande Bay Resort,"₹ 6,000",4.8,Pleasant,Mahabalipuram,,,,,,,,,,,,,,,,
Chengalpattu,Mahabalipuram Beach,Beach,Nov-Feb,Grande Bay Resort,"₹ 6,000",4.7,Pleasant,ECR Route,,,,,,,,,,,,,,,,
Chengalpattu,Alamparai Fort,Fort,Nov-Feb,MGM Beach Resort,"₹ 5,500",4.6,Pleasant,ECR → Kadappakkam,,,,,,,,,,,,,,,,
Chengalpattu,Vedanthangal Bird Sanctuary,Wildlife,Nov-Feb,Welcomhotel Kences Palm,"₹ 5,000",4.8,Pleasant,Chengalpattu,,,,,,,,,,,,,,,,
Chengalpattu,Tirukazhukundram Temple,Temple,Oct-Feb,Welcomhotel Kences Palm,"₹ 5,000",4.7,Pleasant,Chengalpattu,,,,,,,,,,,,,,,,
Chengalpattu,Melmaruvathur Temple,Pilgrim,Oct-Feb,Hotel Ramakrishna,"₹ 2,500",4.8,Pleasant,GST Road,,,,,,,,,,,,,,,,
Chengalpattu,St Thomas Mount Region,Church,Nov-Feb,ITC Grand Chola,"₹ 9,000",4.5,Pleasant,Chennai Route,,,,,,,,,,,,,,,,
Chengalpattu,Chengalpattu Big Mosque,Mosque,Nov-Feb,Hotel Ramakrishna,"₹ 2,500",4.3,Pleasant,Chengalpattu Town,,,,,,,,,,,,,,,,
Chennai,Kapaleeshwarar Temple,Temple,Nov-Feb,Taj Connemara,"₹ 9,000",4.8,Pleasant,Mylapore,,,,,,,,,,,,,,,,
Chennai,Thousand Lights Mosque,Mosque,Nov-Feb,The Residency Towers,"₹ 6,000",4.7,Pleasant,Anna Salai,,,,,,,,,,,,,,,,
Chennai,Santhome Basilica,Church,Nov-Feb,Radisson Blu City Centre,"₹ 7,000",4.8,Pleasant,Santhome,,,,,,,,,,,,,,,,
Chennai,Parthasarathy Temple,Pilgrim,Nov-Feb,Taj Club House,"₹ 8,500",4.7,Pleasant,Triplicane,,,,,,,,,,,,,,,,
Chennai,Marina Beach,Beach,Nov-Feb,Taj Coromandel,"₹ 12,000",4.8,Pleasant,Marina,,,,,,,,,,,,,,,,
Chennai,Elliot's Beach,Beach,Nov-Feb,Turyaa Chennai,"₹ 5,000",4.7,Pleasant,Besant Nagar,,,,,,,,,,,,,,,,
Chennai,Fort St. George,Heritage,Nov-Feb,Taj Club House,"₹ 8,500",4.7,Pleasant,George Town,,,,,,,,,,,,,,,,
Chennai,Guindy National Park,Wildlife,Nov-Feb,ITC Grand Chola,"₹ 14,000",4.6,Pleasant,Guindy,,,,,,,,,,,,,,,,
Chennai,Government Museum,Museum,All Year,Taj Connemara,"₹ 9,000",4.7,Warm,Egmore,,,,,,,,,,,,,,,,
Chennai,Valluvar Kottam,Monument,Nov-Feb,The Residency Towers,"₹ 6,000",4.5,Pleasant,Nungambakkam,,,,,,,,,,,,,,,,
Cuddalore,Chidambaram Natarajar Temple,Temple,Oct-Feb,Saradharam Hotel,"₹ 3,500",4.9,Pleasant,Chidambaram,,,,,,,,,,,,,,,,
Cuddalore,Cuddalore Mosque,Mosque,Nov-Feb,Arcot Woodlands,"₹ 2,500",4.3,Pleasant,Cuddalore,,,,,,,,,,,,,,,,
Cuddalore,St David Church,Church,Nov-Feb,Arcot Woodlands,"₹ 2,500",4.4,Pleasant,Cuddalore,,,,,,,,,,,,,,,,
Cuddalore,Pichavaram Mangroves,Nature,Nov-Feb,Saradharam Hotel,"₹ 3,500",4.8,Pleasant,Chidambaram → Pichavaram,,,,,,,,,,,,,,,,
Cuddalore,Silver Beach,Beach,Nov-Feb,Hotel Oceanic,"₹ 3,000",4.7,Pleasant,Cuddalore Coast,,,,,,,,,,,,,,,,
Cuddalore,Fort St David,Fort,Oct-Feb,Hotel Oceanic,"₹ 3,000",4.5,Pleasant,Devanampattinam,,,,,,,,,,,,,,,,
Cuddalore,Veeranam Lake,Nature,Nov-Feb,Saradharam Hotel,"₹ 3,500",4.5,Pleasant,Kattumannarkoil,,,,,,,,,,,,,,,,
Cuddalore,Padaleeswarar Temple,Temple,Oct-Feb,Arcot Woodlands,"₹ 2,500",4.7,Pleasant,Cuddalore,,,,,,,,,,,,,,,,
Cuddalore,Killai Backwaters,Eco Tourism,Nov-Feb,Mangrove Eco Camp,"₹ 2,800",4.6,Pleasant,Killai,,,,,,,,,,,,,,,,
Cuddalore,Perumal Lake,Nature,Nov-Feb,Hotel Oceanic,"₹ 3,000",4.4,Pleasant,Cuddalore,,,,,,,,,,,,,,,,
Viluppuram,Gingee Fort,Fort,Oct-Feb,Hotel Krish Residency,"₹ 2,500",4.9,Pleasant,Gingee,,,,,,,,,,,,,,,,
Viluppuram,Melmalayanur Temple,Pilgrim,Oct-Feb,Sri Residency,"₹ 2,200",4.8,Pleasant,Melmalayanur,,,,,,,,,,,,,,,,
Viluppuram,Veeratteswarar Temple,Temple,Oct-Feb,Hotel Krish Residency,"₹ 2,500",4.7,Pleasant,Thirukoilur,,,,,,,,,,,,,,,,
Viluppuram,Villupuram Mosque,Mosque,Nov-Feb,MRG Residency,"₹ 2,500",4.3,Pleasant,Villupuram,,,,,,,,,,,,,,,,
Viluppuram,St Anne Church,Church,Nov-Feb,MRG Residency,"₹ 2,500",4.4,Pleasant,Villupuram,,,,,,,,,,,,,,,,
Viluppuram,Auroville Region,Heritage,Nov-Feb,Auroville Guest House,"₹ 3,000",4.8,Pleasant,Auroville,,,,,,,,,,,,,,,,
Viluppuram,Kalvarayan Hills,Hill Station,Oct-Mar,Kalvarayan Eco Resort,"₹ 3,500",4.7,Cool,Sankarapuram,,,,,,,,,,,,,,,,
Viluppuram,Megam Falls,Waterfall,Jul-Jan,Kalvarayan Eco Resort,"₹ 3,500",4.6,Pleasant,Kalvarayan Hills,,,,,,,,,,,,,,,,
Viluppuram,Pambai River View,Nature,Nov-Feb,Sri Residency,"₹ 2,200",4.3,Pleasant,Villupuram,,,,,,,,,,,,,,,,
Viluppuram,Government Museum,Museum,All Year,MRG Residency,"₹ 2,500",4.2,Warm,Villupuram Town,,,,,,,,,,,,,,,,
Mayiladuthurai,Mayuranathar Temple,Temple,Oct-Feb,Million Day Hotel,"₹ 3,000",4.8,Pleasant,Mayiladuthurai,,,,,,,,,,,,,,,,
Mayiladuthurai,Nagore Dargah,Mosque,Nov-Feb,Hotel Golden Sand,"₹ 2,800",4.9,Pleasant,Nagore,,,,,,,,,,,,,,,,
Mayiladuthurai,Our Lady of Good Health Basilica,Church,Nov-Feb,MGM Velankanni Residency,"₹ 3,500",4.9,Pleasant,Velankanni,,,,,,,,,,,,,,,,
Mayiladuthurai,Vaitheeswaran Koil,Pilgrim,Oct-Feb,Million Day Hotel,"₹ 3,000",4.8,Pleasant,Sirkazhi,,,,,,,,,,,,,,,,
Mayiladuthurai,Poompuhar Beach,Beach,Nov-Feb,Hotel Seagate,"₹ 2,500",4.6,Pleasant,Poompuhar,,,,,,,,,,,,,,,,
Mayiladuthurai,Danish Fort Tranquebar,Fort,Oct-Feb,Neemrana Bungalow on the Beach,"₹ 7,000",4.8,Pleasant,Tharangambadi,,,,,,,,,,,,,,,,
Mayiladuthurai,Tranquebar Heritage Town,Heritage,Nov-Feb,Neemrana Heritage Hotel,"₹ 7,000",4.9,Pleasant,Tharangambadi,,,,,,,,,,,,,,,,
Mayiladuthurai,Sirkazhi Temple,Temple,Oct-Feb,Hotel Golden Sand,"₹ 2,800",4.8,Pleasant,Sirkazhi,,,,,,,,,,,,,,,,
Mayiladuthurai,Tharangambadi Beach,Beach,Nov-Feb,Neemrana Heritage Hotel,"₹ 7,000",4.7,Pleasant,Tranquebar,,,,,,,,,,,,,,,,
Mayiladuthurai,Cauvery River Bank,Nature,Nov-Feb,Million Day Hotel,"₹ 3,000",4.4,Pleasant,Mayiladuthurai,,,,,,,,,,,,,,,,
Nagapattinam,Velankanni Basilica,Pilgrim,Nov-Feb,Clinton Park Inn,"₹ 4,000",5,Pleasant,Velankanni,,,,,,,,,,,,,,,,
Nagapattinam,Nagore Dargah,Mosque,Nov-Feb,Hotel Golden Sand,"₹ 2,800",4.9,Pleasant,Nagore,,,,,,,,,,,,,,,,
Nagapattinam,Kayarohanaswamy Temple,Temple,Oct-Feb,Hotel Seagate,"₹ 2,500",4.7,Pleasant,Nagapattinam,,,,,,,,,,,,,,,,
Nagapattinam,St Lourdes Church,Church,Nov-Feb,Hotel Seagate,"₹ 2,500",4.5,Pleasant,Nagapattinam,,,,,,,,,,,,,,,,
Nagapattinam,Nagapattinam Beach,Beach,Nov-Feb,MGM Velankanni Residency,"₹ 3,500",4.5,Pleasant,Nagapattinam Coast,,,,,,,,,,,,,,,,
Nagapattinam,Point Calimere Wildlife Sanctuary,Wildlife,Nov-Feb,Point Calimere Eco Lodge,"₹ 3,500",4.8,Pleasant,Kodikkarai,,,,,,,,,,,,,,,,
Nagapattinam,Kodikkarai Beach,Beach,Nov-Feb,Eco Lodge Kodikkarai,"₹ 3,000",4.7,Pleasant,Point Calimere,,,,,,,,,,,,,,,,
Nagapattinam,Dutch Fort Nagapattinam,Heritage,Oct-Feb,Hotel Seagate,"₹ 2,500",4.4,Pleasant,Nagapattinam,,,,,,,,,,,,,,,,
Nagapattinam,Vedaranyam Mangroves,Nature,Nov-Feb,Eco Lodge Kodikkarai,"₹ 3,000",4.6,Pleasant,Vedaranyam,,,,,,,,,,,,,,,,
Nagapattinam,Lighthouse Point Calimere,View Point,Nov-Feb,Point Calimere Eco Lodge,"₹ 3,500",4.5,Pleasant,Kodikkarai,,,,,,,,,,,,,,,,
Nagapattinam,Velankanni Basilica,Pilgrim,Nov-Feb,Clinton Park Inn,"₹ 4,000",5,Pleasant,Velankanni,,,,,,,,,,,,,,,,
Nagapattinam,Nagore Dargah,Mosque,Nov-Feb,Hotel Golden Sand,"₹ 2,800",4.9,Pleasant,Nagore,,,,,,,,,,,,,,,,
Nagapattinam,Kayarohanaswamy Temple,Temple,Oct-Feb,Hotel Seagate,"₹ 2,500",4.7,Pleasant,Nagapattinam,,,,,,,,,,,,,,,,
Nagapattinam,St Lourdes Church,Church,Nov-Feb,Hotel Seagate,"₹ 2,500",4.5,Pleasant,Nagapattinam,,,,,,,,,,,,,,,,
Nagapattinam,Nagapattinam Beach,Beach,Nov-Feb,MGM Velankanni Residency,"₹ 3,500",4.5,Pleasant,Nagapattinam Coast,,,,,,,,,,,,,,,,
Nagapattinam,Point Calimere Wildlife Sanctuary,Wildlife,Nov-Feb,Point Calimere Eco Lodge,"₹ 3,500",4.8,Pleasant,Kodikkarai,,,,,,,,,,,,,,,,
Nagapattinam,Kodikkarai Beach,Beach,Nov-Feb,Eco Lodge Kodikkarai,"₹ 3,000",4.7,Pleasant,Point Calimere,,,,,,,,,,,,,,,,
Nagapattinam,Dutch Fort Nagapattinam,Heritage,Oct-Feb,Hotel Seagate,"₹ 2,500",4.4,Pleasant,Nagapattinam,,,,,,,,,,,,,,,,
Nagapattinam,Vedaranyam Mangroves,Nature,Nov-Feb,Eco Lodge Kodikkarai,"₹ 3,000",4.6,Pleasant,Vedaranyam,,,,,,,,,,,,,,,,
Nagapattinam,Lighthouse Point Calimere,View Point,Nov-Feb,Point Calimere Eco Lodge,"₹ 3,500",4.5,Pleasant,Kodikkarai,,,,,,,,,,,,,,,,
Perambalur,Siruvachur Madura Kaliamman Temple,Temple,Oct-Feb,Hotel Mars Classic,"₹ 2,800",4.9,Pleasant,Perambalur,,,,,,,,,,,,,,,,
Perambalur,Perambalur Mosque,Mosque,Nov-Feb,Hotel Mars Classic,"₹ 2,800",4.3,Pleasant,Perambalur Town,,,,,,,,,,,,,,,,
Perambalur,Sacred Heart Church,Church,Nov-Feb,Hotel Mars Classic,"₹ 2,800",4.4,Pleasant,Perambalur,,,,,,,,,,,,,,,,
Perambalur,Ranjankudi Fort,Fort,Oct-Feb,Hotel Aryaas,"₹ 3,000",4.8,Pleasant,Veppanthattai,,,,,,,,,,,,,,,,
Perambalur,Sathanur Dam View,Nature,Nov-Feb,Hotel Aryaas,"₹ 3,000",4.4,Pleasant,Perambalur Route,,,,,,,,,,,,,,,,
Perambalur,Government Museum,Museum,All Year,Hotel Mars Classic,"₹ 2,800",4.2,Warm,Perambalur,,,,,,,,,,,,,,,,
Perambalur,Pachamalai Hills,Hill Station,Oct-Mar,Pachamalai Eco Resort,"₹ 4,000",4.8,Cool,Perambalur → Pachamalai,,,,,,,,,,,,,,,,
Perambalur,Mayil Uthu Falls,Waterfall,Jul-Jan,Pachamalai Eco Resort,"₹ 4,000",4.7,Pleasant,Pachamalai Hills,,,,,,,,,,,,,,,,
Perambalur,Chinnaaru Dam,Nature,Oct-Feb,Hotel Aryaas,"₹ 3,000",4.5,Pleasant,Veppur,,,,,,,,,,,,,,,,
Perambalur,Chettikulam Temple,Pilgrim,Oct-Feb,Hotel Mars Classic,"₹ 2,800",4.7,Pleasant,Chettikulam,,,,,,,,,,,,,,,,
Tiruvarur,Thyagaraja Temple,Temple,Oct-Feb,Hotel Sara Regency,"₹ 3,000",4.9,Pleasant,Tiruvarur City,,,,,,,,,,,,,,,,
Tiruvarur,Tiruvarur Mosque,Mosque,Nov-Feb,Hotel Sara Regency,"₹ 3,000",4.3,Pleasant,Tiruvarur,,,,,,,,,,,,,,,,
Tiruvarur,St. Joseph Church,Church,Nov-Feb,Hotel Sara Regency,"₹ 3,000",4.4,Pleasant,Tiruvarur,,,,,,,,,,,,,,,,
Tiruvarur,Kamalalayam Tank,Heritage,Oct-Feb,Hotel AK Residency,"₹ 2,800",4.7,Pleasant,Tiruvarur,,,,,,,,,,,,,,,,
Tiruvarur,Koothanur Saraswathi Temple,Pilgrim,Oct-Feb,Hotel AK Residency,"₹ 2,800",4.8,Pleasant,Poonthottam,,,,,,,,,,,,,,,,
Tiruvarur,Muthupet Mangroves,Nature,Nov-Feb,Mangrove Eco Stay,"₹ 3,500",4.8,Pleasant,Muthupet,,,,,,,,,,,,,,,,
Tiruvarur,Vaduvur Bird Sanctuary,Wildlife,Nov-Feb,Hotel Sara Regency,"₹ 3,000",4.7,Pleasant,Mannargudi,,,,,,,,,,,,,,,,
Tiruvarur,Rajagopalaswamy Temple,Temple,Oct-Feb,Hotel AK Residency,"₹ 2,800",4.9,Pleasant,Mannargudi,,,,,,,,,,,,,,,,
Tiruvarur,Haridra River,Nature,Nov-Feb,Hotel AK Residency,"₹ 2,800",4.4,Pleasant,Mannargudi,,,,,,,,,,,,,,,,
Tiruvarur,Udayamarthandapuram Bird Sanctuary,Wildlife,Nov-Feb,Mangrove Eco Stay,"₹ 3,500",4.7,Pleasant,Thiruthuraipoondi,,,,,,,,,,,,,,,,
Pudukkottai,Sittannavasal Cave,Heritage,Oct-Feb,Hotel Chellam Residency,"₹ 3,000",4.9,Pleasant,Pudukkottai,,,,,,,,,,,,,,,,
Pudukkottai,Avudaiyar Kovil,Temple,Oct-Feb,Hotel Chellam Residency,"₹ 3,000",4.8,Pleasant,Aranthangi,,,,,,,,,,,,,,,,
Pudukkottai,Pudukkottai Mosque,Mosque,Nov-Feb,Hotel Prince,"₹ 2,500",4.3,Pleasant,Pudukkottai,,,,,,,,,,,,,,,,
Pudukkottai,Sacred Heart Church,Church,Nov-Feb,Hotel Prince,"₹ 2,500",4.4,Pleasant,Pudukkottai,,,,,,,,,,,,,,,,
Pudukkottai,Thirumayam Fort,Fort,Oct-Feb,Hotel Chellam Residency,"₹ 3,000",4.8,Pleasant,Thirumayam,,,,,,,,,,,,,,,,
Pudukkottai,Thirumayam Temple,Pilgrim,Oct-Feb,Hotel Chellam Residency,"₹ 3,000",4.8,Pleasant,Thirumayam,,,,,,,,,,,,,,,,
Pudukkottai,Kudumiyanmalai Temple,Heritage,Oct-Feb,Hotel Prince,"₹ 2,500",4.8,Pleasant,Kudumiyanmalai,,,,,,,,,,,,,,,,
Pudukkottai,Viralimalai Sanctuary,Wildlife,Nov-Feb,Hotel Prince,"₹ 2,500",4.6,Pleasant,Viralimalai,,,,,,,,,,,,,,,,
Pudukkottai,Kattubava Mosque,Pilgrim,Nov-Feb,Hotel Chellam Residency,"₹ 3,000",4.5,Pleasant,Pudukkottai,,,,,,,,,,,,,,,,
Pudukkottai,Mukkannamalaipatti Lake,Nature,Nov-Feb,Hotel Prince,"₹ 2,500",4.3,Pleasant,Pudukkottai,,,,,,,,,,,,,,,,
Thanjavur,Brihadeeswarar Temple,Heritage Temple,Oct-Feb,Sangam Hotel,"₹ 5,000",5,Pleasant,Thanjavur City,,,,,,,,,,,,,,,,
Thanjavur,Punnainallur Mariamman Temple,Temple,Oct-Feb,Hotel Gnanam,"₹ 3,500",4.8,Pleasant,Thanjavur,,,,,,,,,,,,,,,,
Thanjavur,Airavatesvara Temple,Heritage,Oct-Feb,Hotel Gnanam,"₹ 3,500",4.9,Pleasant,Darasuram,,,,,,,,,,,,,,,,
Thanjavur,Big Mosque Thanjavur,Mosque,Nov-Feb,Sangam Hotel,"₹ 5,000",4.3,Pleasant,Thanjavur,,,,,,,,,,,,,,,,
Thanjavur,Schwartz Church,Church,Nov-Feb,Hotel Parisutham,"₹ 4,000",4.5,Pleasant,Thanjavur,,,,,,,,,,,,,,,,
Thanjavur,Thanjavur Palace,Palace,Oct-Feb,Sangam Hotel,"₹ 5,000",4.8,Pleasant,City Center,,,,,,,,,,,,,,,,
Thanjavur,Saraswathi Mahal Library,Heritage,All Year,Hotel Parisutham,"₹ 4,000",4.8,Warm,Palace Complex,,,,,,,,,,,,,,,,
Thanjavur,Kallanai Dam,Heritage,Nov-Feb,Hotel Gnanam,"₹ 3,500",4.8,Pleasant,Grand Anaicut,,,,,,,,,,,,,,,,
Thanjavur,Sivaganga Park,Park,Nov-Feb,Hotel Parisutham,"₹ 4,000",4.5,Pleasant,Thanjavur,,,,,,,,,,,,,,,,
Thanjavur,Swamimalai Temple,Pilgrim,Oct-Feb,Indeco Swamimalai,"₹ 7,000",4.9,Pleasant,Swamimalai,,,,,,,,,,,,,,,,
Ramanathapuram,Ramanathaswamy Temple,Temple,Oct-Mar,Daiwik Hotel Rameswaram,"₹ 5,000",5,Pleasant,Rameswaram,,,,,,,,,,,,,,,,
Ramanathapuram,Erwadi Dargah,Mosque,Nov-Feb,Hotel NNP Grand,"₹ 3,000",4.9,Pleasant,Ramanathapuram → Erwadi,,,,,,,,,,,,,,,,
Ramanathapuram,Holy Ghost Church,Church,Nov-Feb,Hotel Ashoka,"₹ 2,500",4.5,Pleasant,Ramanathapuram,,,,,,,,,,,,,,,,
Ramanathapuram,Agni Theertham,Pilgrim,Oct-Mar,Daiwik Hotel,"₹ 5,000",4.8,Pleasant,Rameswaram Beach,,,,,,,,,,,,,,,,
Ramanathapuram,Dhanushkodi Beach,Beach,Nov-Feb,Hyatt Place Rameswaram,"₹ 7,000",4.9,Pleasant,Rameswaram → Dhanushkodi,,,,,,,,,,,,,,,,
Ramanathapuram,Pamban Bridge,Heritage,Nov-Feb,Daiwik Hotel,"₹ 5,000",4.9,Pleasant,Pamban,,,,,,,,,,,,,,,,
Ramanathapuram,Ariyaman Beach,Beach,Nov-Feb,Golden Sun Resort,"₹ 4,000",4.7,Pleasant,Ramanathapuram,,,,,,,,,,,,,,,,
Ramanathapuram,Gulf of Mannar Marine Park,Wildlife,Nov-Feb,Hyatt Place,"₹ 7,000",4.8,Pleasant,Mandapam,,,,,,,,,,,,,,,,
Ramanathapuram,Kothandaramaswamy Temple,Temple,Oct-Feb,Hotel NNP Grand,"₹ 3,000",4.8,Pleasant,Dhanushkodi Road,,,,,,,,,,,,,,,,
Ramanathapuram,Devipattinam Navagraha Temple,Pilgrim,Oct-Feb,Hotel Ashoka,"₹ 2,500",4.7,Pleasant,Devipattinam,,,,,,,,,,,,,,,,
Sivagangai,Pillayarpatti Temple,Temple,Oct-Feb,Chidambara Vilas,"₹ 6,000",4.9,Pleasant,Karaikudi,,,,,,,,,,,,,,,,
Sivagangai,Kandanur Mosque,Mosque,Nov-Feb,Chidambara Vilas,"₹ 6,000",4.3,Pleasant,Kandanur,,,,,,,,,,,,,,,,
Sivagangai,Sacred Heart Church Karaikudi,Church,Nov-Feb,Hotel Subhalakshmi Palace,"₹ 3,500",4.4,Pleasant,Karaikudi,,,,,,,,,,,,,,,,
Sivagangai,Kundrakudi Murugan Temple,Pilgrim,Oct-Feb,Chidambara Vilas,"₹ 6,000",4.8,Pleasant,Kundrakudi,,,,,,,,,,,,,,,,
Sivagangai,Chettinad Palace,Heritage,Nov-Feb,Visalam Heritage Hotel,"₹ 8,000",4.9,Pleasant,Kanadukathan,,,,,,,,,,,,,,,,
Sivagangai,Athangudi Palace,Heritage,Nov-Feb,Visalam Heritage Hotel,"₹ 8,000",4.8,Pleasant,Athangudi,,,,,,,,,,,,,,,,
Sivagangai,Kanadukathan Heritage Village,Heritage,Nov-Feb,Chidambara Vilas,"₹ 6,000",4.9,Pleasant,Kanadukathan,,,,,,,,,,,,,,,,
Sivagangai,Vettangudi Bird Sanctuary,Wildlife,Nov-Feb,Hotel Sugam,"₹ 2,500",4.6,Pleasant,Tirupattur,,,,,,,,,,,,,,,,
Sivagangai,Thirumayam Border Fort Area,Fort,Oct-Feb,Hotel Sugam,"₹ 2,500",4.6,Pleasant,Karaikudi Route,,,,,,,,,,,,,,,,
Sivagangai,Karaikudi Market Street,Cultural,Nov-Feb,Hotel Subhalakshmi Palace,"₹ 3,500",4.5,Pleasant,Karaikudi,,,,,,,,,,,,,,,,
Theni,Suruli Falls,Waterfall,Jul-Jan,Green Royale Resort,"₹ 4,500",4.9,Pleasant,Cumbum,,,,,,,,,,,,,,,,
Theni,Kumbakkarai Falls,Waterfall,Jul-Jan,Hotel Western Gatz,"₹ 3,000",4.8,Pleasant,Periyakulam,,,,,,,,,,,,,,,,
Theni,Meghamalai,Hill Station,Oct-Mar,Meghamalai Resort,"₹ 6,000",4.9,Cool,Chinnamanur,,,,,,,,,,,,,,,,
Theni,Vaigai Dam,Nature,Nov-Feb,Hotel Western Gatz,"₹ 3,000",4.7,Pleasant,Andipatti,,,,,,,,,,,,,,,,
Theni,Sothuparai Dam,Nature,Nov-Feb,Green Royale Resort,"₹ 4,500",4.7,Pleasant,Periyakulam,,,,,,,,,,,,,,,,
Theni,Gowmariamman Temple,Temple,Oct-Feb,Hotel Sri Priya,"₹ 2,500",4.8,Pleasant,Veerapandi,,,,,,,,,,,,,,,,
Theni,Periyakulam Mosque,Mosque,Nov-Feb,Hotel Sri Priya,"₹ 2,500",4.3,Pleasant,Periyakulam,,,,,,,,,,,,,,,,
Theni,CSI Church Theni,Church,Nov-Feb,Hotel Western Gatz,"₹ 3,000",4.4,Pleasant,Theni,,,,,,,,,,,,,,,,
Theni,Kurangani Hills,Trekking,Oct-Mar,Kurangani Eco Camp,"₹ 3,500",4.9,Cool,Bodinayakanur,,,,,,,,,,,,,,,,
Theni,Kolukkumalai View Point,View Point,Oct-Mar,Meghamalai Resort,"₹ 6,000",4.9,Cool,Munnar Border,,,,,,,,,,,,,,,,
Virudhunagar,Srivilliputhur Andal Temple,Temple,Oct-Feb,Hotel Sriram,"₹ 2,500",4.9,Pleasant,Srivilliputhur,,,,,,,,,,,,,,,,
Virudhunagar,Watrap Mosque,Mosque,Nov-Feb,Hotel Sriram,"₹ 2,500",4.3,Pleasant,Watrap,,,,,,,,,,,,,,,,
Virudhunagar,CSI Church Rajapalayam,Church,Nov-Feb,Hotel Amil,"₹ 3,000",4.4,Pleasant,Rajapalayam,,,,,,,,,,,,,,,,
Virudhunagar,Andal Pilgrim Complex,Pilgrim,Oct-Feb,Hotel Sriram,"₹ 2,500",4.8,Pleasant,Srivilliputhur,,,,,,,,,,,,,,,,
Virudhunagar,Ayyanar Falls,Waterfall,Jul-Jan,Western Valley Resort,"₹ 4,500",4.8,Pleasant,Rajapalayam,,,,,,,,,,,,,,,,
Virudhunagar,Grizzled Giant Squirrel Sanctuary,Wildlife,Nov-Feb,Western Valley Resort,"₹ 4,500",4.8,Pleasant,Srivilliputhur,,,,,,,,,,,,,,,,
Virudhunagar,Shenbagathoppu,Wildlife,Nov-Feb,Western Valley Resort,"₹ 4,500",4.7,Pleasant,Watrap,,,,,,,,,,,,,,,,
Virudhunagar,Sathuragiri Hills,Trekking,Oct-Mar,Sathuragiri Eco Camp,"₹ 3,000",4.9,Cool,Watrap,,,,,,,,,,,,,,,,
Virudhunagar,Rajapalayam Lake,Nature,Nov-Feb,Hotel Amil,"₹ 3,000",4.5,Pleasant,Rajapalayam,,,,,,,,,,,,,,,,
Virudhunagar,Virudhunagar Heritage Market,Cultural,All Year,Hotel Sriram,"₹ 2,500",4.4,Warm,Virudhunagar,,,,,,,,,,,,,,,,
nagapattinam,Our Lady of Snows Basilica,Church,Nov-Feb,Hotel DSF Grand Plaza,"₹ 4,000",4.9,Pleasant,Thoothukudi City,,,,,,,,,,,,,,,,
Thoothukudi,Kalugumalai Temple,Temple,Oct-Feb,Hotel Raj,"₹ 2,500",4.8,Pleasant,Kovilpatti,,,,,,,,,,,,,,,,
Thoothukudi,Kayalpattinam Mosque,Mosque,Nov-Feb,Hotel Chitra Park,"₹ 3,500",4.8,Pleasant,Kayalpattinam,,,,,,,,,,,,,,,,
Thoothukudi,Tiruchendur Murugan Temple,Pilgrim,Oct-Feb,Chitra Park,"₹ 3,500",5,Pleasant,Tiruchendur,,,,,,,,,,,,,,,,
Thoothukudi,Tiruchendur Beach,Beach,Nov-Feb,Hotel SR,"₹ 2,500",4.8,Pleasant,Tiruchendur,,,,,,,,,,,,,,,,
Thoothukudi,Manapad Beach,Beach,Nov-Feb,Manapad Beach Resort,"₹ 4,000",4.7,Pleasant,Manapad,,,,,,,,,,,,,,,,
Thoothukudi,Manapad Holy Cross Church,Church,Nov-Feb,Manapad Beach Resort,"₹ 4,000",4.8,Pleasant,Manapad,,,,,,,,,,,,,,,,
Thoothukudi,Hare Island,Wildlife,Nov-Feb,DSF Grand Plaza,"₹ 4,000",4.6,Pleasant,Thoothukudi Port,,,,,,,,,,,,,,,,
Thoothukudi,Old Port Area,Heritage,Nov-Feb,DSF Grand Plaza,"₹ 4,000",4.5,Pleasant,Harbour,,,,,,,,,,,,,,,,
Thoothukudi,Kulasekarapattinam Temple,Temple,Oct-Feb,Chitra Park,"₹ 3,500",4.8,Pleasant,Kulasekarapattinam,,,,,,,,,,,,,,,,
Karur,Pasupatheeswarar Temple,Temple,Oct-Feb,Hotel Hemala,"₹ 3,000",4.8,Pleasant,Karur City,,,,,,,,,,,,,,,,
Karur,Karur Mosque,Mosque,Nov-Feb,Hotel PLA Residency,"₹ 2,500",4.3,Pleasant,Karur Town,,,,,,,,,,,,,,,,
Karur,CSI Christ Church,Church,Nov-Feb,Hotel Hemala,"₹ 3,000",4.4,Pleasant,Karur,,,,,,,,,,,,,,,,
Karur,Thanthoni Malai Temple,Pilgrim,Oct-Feb,Hotel Ashok,"₹ 2,500",4.7,Pleasant,Karur → Thanthoni,,,,,,,,,,,,,,,,
Karur,Kalyana Venkataramana Temple,Temple,Oct-Feb,Hotel Hemala,"₹ 3,000",4.7,Pleasant,Karur,,,,,,,,,,,,,,,,
Karur,Amaravathi River Bank,Nature,Nov-Feb,Hotel PLA Residency,"₹ 2,500",4.5,Pleasant,Karur Outskirts,,,,,,,,,,,,,,,,
Karur,Pugalur Sugar Heritage Area,Heritage,Nov-Feb,Hotel Ashok,"₹ 2,500",4.3,Pleasant,Pugalur,,,,,,,,,,,,,,,,
Karur,Nerur Sadasiva Brahmendra Samadhi,Pilgrim,Oct-Feb,Hotel Hemala,"₹ 3,000",4.6,Pleasant,Nerur,,,,,,,,,,,,,,,,
Karur,Mayanur Barrage,Nature,Nov-Feb,Hotel PLA Residency,"₹ 2,500",4.6,Pleasant,Karur → Mayanur,,,,,,,,,,,,,,,,
Karur,Karur Government Museum,Museum,All Year,Hotel Ashok,"₹ 2,500",4.2,Warm,Karur,,,,,,,,,,,,,,,,
Tiruppur,Tiruppur Tirupathi Temple,Temple,Oct-Feb,Fortune Park Tiruppur,"₹ 4,500",4.8,Pleasant,Tiruppur City,,,,,,,,,,,,,,,,
Tiruppur,Tiruppur Mosque,Mosque,Nov-Feb,Hotel Velan,"₹ 2,500",4.3,Pleasant,Tiruppur,,,,,,,,,,,,,,,,
Tiruppur,St Joseph Church,Church,Nov-Feb,Hotel Velan,"₹ 2,500",4.4,Pleasant,Tiruppur,,,,,,,,,,,,,,,,
Tiruppur,Avinashi Lingeswarar Temple,Pilgrim,Oct-Feb,Fortune Park,"₹ 4,500",4.8,Pleasant,Avinashi,,,,,,,,,,,,,,,,
Tiruppur,Amaravathi Dam,Nature,Nov-Feb,Amaravathi Resort,"₹ 4,000",4.7,Pleasant,Udumalpet,,,,,,,,,,,,,,,,
Tiruppur,Amaravathi Crocodile Farm,Wildlife,Nov-Feb,Amaravathi Resort,"₹ 4,000",4.7,Pleasant,Amaravathi,,,,,,,,,,,,,,,,
Tiruppur,Thirumoorthy Hills,Hill Station,Oct-Mar,Thirumoorthy Resort,"₹ 3,500",4.8,Cool,Udumalpet,,,,,,,,,,,,,,,,
Tiruppur,Thirumoorthy Falls,Waterfall,Jul-Jan,Thirumoorthy Resort,"₹ 3,500",4.8,Pleasant,Thirumoorthy Hills,,,,,,,,,,,,,,,,
Tiruppur,Noyyal River Park,Nature,Nov-Feb,Hotel Velan,"₹ 2,500",4.3,Pleasant,Tiruppur,,,,,,,,,,,,,,,,
Tiruppur,Tiruppur Kumaran Memorial,Heritage,All Year,Fortune Park,"₹ 4,500",4.5,Warm,Tiruppur,,,,,,,,,,,,,,,,
Kallakurichi,Ulundurpet Temple,Temple,Oct-Feb,Hotel Ramyas,"₹ 2,500",4.5,Pleasant,Ulundurpet,,,,,,,,,,,,,,,,
Kallakurichi,Kallakurichi Mosque,Mosque,Nov-Feb,Hotel Ramyas,"₹ 2,500",4.3,Pleasant,Kallakurichi,,,,,,,,,,,,,,,,
Kallakurichi,St Anne's Church,Church,Nov-Feb,Hotel Ramyas,"₹ 2,500",4.4,Pleasant,Kallakurichi,,,,,,,,,,,,,,,,
Kallakurichi,Kalvarayan Hills,Hill Station,Oct-Mar,Kalvarayan Eco Resort,"₹ 4,000",4.8,Cool,Kallakurichi,,,,,,,,,,,,,,,,
Kallakurichi,Megam Falls,Waterfall,Jul-Jan,Kalvarayan Eco Resort,"₹ 4,000",4.7,Pleasant,Kalvarayan Hills,,,,,,,,,,,,,,,,
Kallakurichi,Gomukhi Dam,Nature,Nov-Feb,Hotel Ramyas,"₹ 2,500",4.6,Pleasant,Kallakurichi,,,,,,,,,,,,,,,,
Kallakurichi,Manimuktha Dam,Nature,Nov-Feb,Hotel Ramyas,"₹ 2,500",4.5,Pleasant,Sankarapuram,,,,,,,,,,,,,,,,
Kallakurichi,Botanical Eco Park,Nature,Nov-Feb,Eco Resort,"₹ 3,500",4.4,Pleasant,Kalvarayan Hills,,,,,,,,,,,,,,,,
Kallakurichi,Periyar Falls,Waterfall,Jul-Jan,Eco Resort,"₹ 3,500",4.5,Pleasant,Hills Route,,,,,,,,,,,,,,,,
Kallakurichi,Tribal Heritage Village,Cultural,Nov-Feb,Eco Resort,"₹ 3,500",4.4,Pleasant,Kalvarayan Hills,,,,,,,,,,,,,,,,
Tenkasi,Courtallam Main Falls,Waterfall,Jul-Jan,Saaral Resort,"₹ 5,000",5,Pleasant,Courtallam,,,,,,,,,,,,,,,,
Tenkasi,Five Falls,Waterfall,Jul-Jan,Saaral Resort,"₹ 5,000",4.9,Pleasant,Courtallam,,,,,,,,,,,,,,,,
Tenkasi,Old Courtallam,Waterfall,Jul-Jan,Hotel Tamil Nadu,"₹ 3,000",4.7,Pleasant,Courtallam,,,,,,,,,,,,,,,,
Tenkasi,Tiger Falls,Waterfall,Jul-Jan,Saaral Resort,"₹ 5,000",4.8,Pleasant,Courtallam,,,,,,,,,,,,,,,,
Tenkasi,Shenbagadevi Falls,Waterfall,Jul-Jan,Saaral Resort,"₹ 5,000",4.8,Pleasant,Trek Route,,,,,,,,,,,,,,,,
Tenkasi,Thenaruvi Falls,Waterfall,Jul-Jan,Eco Camp,"₹ 3,500",4.7,Pleasant,Forest Trek,,,,,,,,,,,,,,,,
Tenkasi,Kasi Viswanathar Temple,Temple,Oct-Feb,Hotel Aryaas,"₹ 2,500",4.9,Pleasant,Tenkasi,,,,,,,,,,,,,,,,
Tenkasi,Big Mosque Tenkasi,Mosque,Nov-Feb,Hotel Aryaas,"₹ 2,500",4.3,Pleasant,Tenkasi,,,,,,,,,,,,,,,,
Tenkasi,CSI Church Tenkasi,Church,Nov-Feb,Hotel Aryaas,"₹ 2,500",4.4,Pleasant,Tenkasi,,,,,,,,,,,,,,,,
Tenkasi,Courtallam Eco Park,Nature,Nov-Feb,Saaral Resort,"₹ 5,000",4.6,Pleasant,Courtallam,,,,,,,,,,,,,,,,
Nilgiris,Mudumalai Tiger Reserve,Wildlife,Oct-Mar,Jungle Hut Resort,"₹ 8,000",4.9,Cool,Masinagudi,,,,,,,,,,,,,,,,
Nilgiris,Bandipur Border View,Nature,Oct-Mar,Jungle Hut Resort,"₹ 8,000",4.7,Cool,Masinagudi,,,,,,,,,,,,,,,,
Nilgiris,Needle Rock View Point,View Point,Oct-Mar,Sterling Ooty,"₹ 6,500",4.8,Cool,Gudalur,,,,,,,,,,,,,,,,
Nilgiris,Dolphin's Nose,View Point,Oct-Mar,Gateway Coonoor,"₹ 7,000",4.8,Cool,Coonoor,,,,,,,,,,,,,,,,
Nilgiris,Lamb's Rock,View Point,Oct-Mar,Gateway Coonoor,"₹ 7,000",4.7,Cool,Coonoor,,,,,,,,,,,,,,,,
Nilgiris,Sim's Park,Park,Apr-Jun,Gateway Coonoor,"₹ 7,000",4.7,Cool,Coonoor,,,,,,,,,,,,,,,,
Nilgiris,Glenmorgan,Nature,Oct-Mar,Kurumba Village Resort,"₹ 7,500",4.6,Cool,Ooty,,,,,,,,,,,,,,,,
Nilgiris,Wenlock Downs,Nature,Oct-Mar,Kurumba Village Resort,"₹ 7,500",4.7,Cool,Ooty,,,,,,,,,,,,,,,,
Nilgiris,St Stephen's Church,Church,Nov-Feb,Fortune Resort Sullivan Court,"₹ 7,000",4.5,Cool,Ooty,,,,,,,,,,,,,,,,
Nilgiris,Elk Hill Murugan Temple,Temple,Oct-Feb,Sterling Ooty,"₹ 6,500",4.7,Cool,Ooty,,,,,,,,,,,,,,,,
Chennai,Ashtalakshmi Temple,Temple,Nov-Feb,Turyaa Chennai,"₹ 5,000",4.8,Pleasant,Besant Nagar,,,,,,,,,,,,,,,,
Chennai,ISKCON Chennai,Temple,Nov-Feb,Novotel Chennai OMR,"₹ 6,500",4.7,Pleasant,ECR,,,,,,,,,,,,,,,,
Chennai,Wallajah Mosque,Mosque,Nov-Feb,Residency Towers,"₹ 6,000",4.5,Pleasant,Triplicane,,,,,,,,,,,,,,,,
Chennai,Luz Church,Church,Nov-Feb,Taj Connemara,"₹ 9,000",4.6,Pleasant,Mylapore,,,,,,,,,,,,,,,,
Chennai,Arignar Anna Zoological Park,Wildlife,Nov-Feb,V7 Hotel,"₹ 4,500",4.8,Pleasant,Vandalur,,,,,,,,,,,,,,,,
Chennai,Muttukadu Boat House,Nature,Nov-Feb,MGM Beach Resort,"₹ 5,500",4.7,Pleasant,ECR,,,,,,,,,,,,,,,,
Chennai,DakshinaChitra,Heritage,Nov-Feb,MGM Beach Resort,"₹ 5,500",4.8,Pleasant,ECR,,,,,,,,,,,,,,,,
Chennai,Covelong Beach,Beach,Nov-Feb,Taj Fisherman's Cove,"₹ 12,000",4.8,Pleasant,Kovalam,,,,,,,,,,,,,,,,
Chennai,Birla Planetarium,Museum,All Year,Lemon Tree Hotel,"₹ 4,500",4.5,Warm,Kotturpuram,,,,,,,,,,,,,,,,
Chennai,Semmozhi Poonga,Park,Nov-Feb,Taj Connemara,"₹ 9,000",4.5,Pleasant,Anna Salai,,,,,,,,,,,,,,,,
Coimbatore,Aliyar Dam,Nature,Oct-Feb,Coco Lagoon Resort,"₹ 4,500",4.8,Pleasant,Pollachi,,,,,,,,,,,,,,,,
Coimbatore,Parambikulam Tiger Reserve,Wildlife,Oct-Mar,Parambikulam Tree House,"₹ 5,000",4.9,Cool,Pollachi,,,,,,,,,,,,,,,,
Coimbatore,Masani Amman Temple,Temple,Oct-Feb,Coco Lagoon Resort,"₹ 4,500",4.8,Pleasant,Anaimalai,,,,,,,,,,,,,,,,
Coimbatore,Aazhiyaar Mosque,Mosque,Nov-Feb,Hotel Kiscol Grands,"₹ 3,500",4.4,Pleasant,Pollachi,,,,,,,,,,,,,,,,
Coimbatore,St Michael's Cathedral,Church,Nov-Feb,Vivanta Coimbatore,"₹ 6,500",4.7,Pleasant,Coimbatore City,,,,,,,,,,,,,,,,
Coimbatore,V.O.C Park,Park,All Year,Hash Six Hotels,"₹ 2,500",4.5,Warm,Coimbatore,,,,,,,,,,,,,,,,
Coimbatore,Gedee Car Museum,Museum,All Year,Welcomhotel by ITC,"₹ 5,000",4.5,Warm,Coimbatore,,,,,,,,,,,,,,,,
Coimbatore,Singanallur Lake,Nature,Nov-Feb,Vivanta Coimbatore,"₹ 6,500",4.6,Pleasant,Coimbatore,,,,,,,,,,,,,,,,
Coimbatore,Anubhavi Subramaniar Temple,Pilgrim,Oct-Feb,Hotel Heritage Inn,"₹ 2,500",4.7,Pleasant,Thadagam,,,,,,,,,,,,,,,,
Coimbatore,Velliangiri Hills,Trekking,Oct-Mar,Isha Guest House,"₹ 1,500",4.9,Cool,Poondi,,,,,,,,,,,,,,,,
Madurai,Koodal Azhagar Temple,Temple,Oct-Feb,Courtyard Marriott,"₹ 6,500",4.8,Pleasant,Madurai City,,,,,,,,,,,,,,,,
Madurai,Pandi Kovil,Temple,Oct-Feb,Poppys Hotel,"₹ 4,000",4.6,Pleasant,Madurai,,,,,,,,,,,,,,,,
Madurai,Teppakulam,Heritage,Nov-Feb,Regency by GRT,"₹ 5,500",4.7,Pleasant,Vandiyur,,,,,,,,,,,,,,,,
Madurai,Keelakuyilkudi Jain Caves,Heritage,Nov-Feb,Heritage Madurai,"₹ 7,000",4.6,Pleasant,Madurai Outskirts,,,,,,,,,,,,,,,,
Madurai,Yanai Malai,Nature,Nov-Feb,Astoria Hotels,"₹ 3,500",4.5,Pleasant,Othakadai,,,,,,,,,,,,,,,,
Madurai,Rajaji Park,Park,Nov-Feb,Poppys Hotel,"₹ 4,000",4.4,Pleasant,Madurai,,,,,,,,,,,,,,,,
Madurai,Athisayam Park,Adventure,Apr-Jun,Kadambavanam Resort,"₹ 5,000",4.5,Warm,Paravai,,,,,,,,,,,,,,,,
Madurai,Vilachery Pottery Village,Cultural,All Year,Heritage Madurai,"₹ 7,000",4.4,Warm,Vilachery,,,,,,,,,,,,,,,,
Madurai,Goripalayam Dargah,Pilgrim,Nov-Feb,Courtyard Marriott,"₹ 6,500",4.8,Pleasant,Madurai,,,,,,,,,,,,,,,,
Madurai,Samanar Hills,Heritage,Nov-Feb,Heritage Madurai,"₹ 7,000",4.8,Pleasant,Keelakuyilkudi,,,,,,,,,,,,,,,,
Dindigul,Berijam Lake,Nature,Oct-May,The Carlton,"₹ 9,000",4.9,Cool,Kodaikanal,,,,,,,,,,,,,,,,
Dindigul,Mannavanur Lake,Nature,Oct-May,Kodai Resort Hotel,"₹ 7,000",4.8,Cool,Mannavanur,,,,,,,,,,,,,,,,
Dindigul,Poombarai Village,Cultural,Oct-May,Villa Retreat,"₹ 6,000",4.7,Cool,Poombarai,,,,,,,,,,,,,,,,
Dindigul,Pine Forest,Nature,Oct-May,Villa Retreat,"₹ 6,000",4.8,Cool,Kodai,,,,,,,,,,,,,,,,
Dindigul,Dolphin's Nose,View Point,Oct-May,The Carlton,"₹ 9,000",4.8,Cool,Vattakanal,,,,,,,,,,,,,,,,
Dindigul,Kurinji Andavar Temple,Temple,Oct-Feb,Kodai Resort Hotel,"₹ 7,000",4.8,Pleasant,Kodaikanal,,,,,,,,,,,,,,,,
Dindigul,Begambur Mosque,Mosque,Nov-Feb,Hotel PVK Grand,"₹ 3,000",4.3,Pleasant,Dindigul,,,,,,,,,,,,,,,,
Dindigul,St Joseph Church,Church,Nov-Feb,Hotel PVK Grand,"₹ 3,000",4.4,Pleasant,Dindigul,,,,,,,,,,,,,,,,
Dindigul,Chettiar Park,Park,All Year,Villa Retreat,"₹ 6,000",4.5,Cool,Kodai,,,,,,,,,,,,,,,,
Dindigul,Silent Valley View,View Point,Oct-May,The Carlton,"₹ 9,000",4.8,Cool,Kodai,,,,,,,,,,,,,,,,
Tiruchirappalli,Ucchi Pillayar Temple,Temple,Oct-Feb,Courtyard Marriott,"₹ 6,500",4.9,Pleasant,Rockfort,,,,,,,,,,,,,,,,
Tiruchirappalli,Nathar Shah Mosque,Mosque,Nov-Feb,SRM Hotel,"₹ 4,000",4.4,Pleasant,Trichy,,,,,,,,,,,,,,,,
Tiruchirappalli,Lourdes Church,Church,Nov-Feb,Courtyard Marriott,"₹ 6,500",4.6,Pleasant,Melapudur,,,,,,,,,,,,,,,,
Tiruchirappalli,Mukkombu,Nature,Nov-Feb,SRM Hotel,"₹ 4,000",4.7,Pleasant,Upper Anaicut,,,,,,,,,,,,,,,,
Tiruchirappalli,Puliyancholai Falls,Waterfall,Jul-Jan,Green Park Resort,"₹ 3,500",4.8,Pleasant,Kolli Foothills,,,,,,,,,,,,,,,,
Tiruchirappalli,Butterfly Park,Wildlife,Nov-Feb,SRM Hotel,"₹ 4,000",4.6,Pleasant,Srirangam,,,,,,,,,,,,,,,,
Tiruchirappalli,Anna Science Centre,Museum,All Year,Courtyard Marriott,"₹ 6,500",4.5,Warm,Trichy,,,,,,,,,,,,,,,,
Tiruchirappalli,Viralimalai Sanctuary,Wildlife,Nov-Feb,Green Park Resort,"₹ 3,500",4.6,Pleasant,Viralimalai,,,,,,,,,,,,,,,,
Tiruchirappalli,Cauvery River Bank,Nature,Nov-Feb,SRM Hotel,"₹ 4,000",4.5,Pleasant,Srirangam,,,,,,,,,,,,,,,,
Tiruchirappalli,Government Museum,Museum,All Year,Courtyard Marriott,"₹ 6,500",4.4,Warm,Trichy,,,,,,,,,,,,,,,,
Erode,Kodiveri Dam,Nature,Oct-Feb,Hotel Radha Prasad,"₹ 3,000",4.8,Pleasant,Gobichettipalayam,,,,,,,,,,,,,,,,
Erode,Bhavani Sangameswarar Temple,Temple,Oct-Feb,Hotel Atrium,"₹ 3,500",4.9,Pleasant,Bhavani,,,,,,,,,,,,,,,,
Erode,Bannari Amman Temple,Pilgrim,Oct-Feb,Bannari Resort,"₹ 4,000",4.8,Pleasant,Sathyamangalam,,,,,,,,,,,,,,,,
Erode,Sathyamangalam Tiger Reserve,Wildlife,Nov-Mar,Jungle Camp,"₹ 5,000",4.9,Cool,Sathyamangalam,,,,,,,,,,,,,,,,
Erode,Vellode Bird Sanctuary,Wildlife,Nov-Feb,Hotel Atrium,"₹ 3,500",4.7,Pleasant,Vellode,,,,,,,,,,,,,,,,
Erode,CSI Church Erode,Church,Nov-Feb,Hotel Radha Prasad,"₹ 3,000",4.4,Pleasant,Erode City,,,,,,,,,,,,,,,,
Erode,Erode Central Mosque,Mosque,Nov-Feb,Hotel Radha Prasad,"₹ 3,000",4.3,Pleasant,Erode,,,,,,,,,,,,,,,,
Erode,Perumpallam Dam,Nature,Nov-Feb,Hotel Atrium,"₹ 3,500",4.5,Pleasant,Erode Outskirts,,,,,,,,,,,,,,,,
Erode,Chennimalai Temple,Temple,Oct-Feb,Chennimalai Residency,"₹ 2,500",4.8,Pleasant,Chennimalai,,,,,,,,,,,,,,,,
Erode,Government Museum Erode,Museum,All Year,Hotel Radha Prasad,"₹ 3,000",4.3,Warm,Erode,,,,,,,,,,,,,,,,
Namakkal,Namakkal Anjaneyar Temple,Temple,Oct-Feb,Hotel Coastal Residency,"₹ 2,500",4.9,Pleasant,Namakkal,,,,,,,,,,,,,,,,
Namakkal,Narasimhaswamy Temple,Temple,Oct-Feb,Hotel Coastal Residency,"₹ 2,500",4.8,Pleasant,Namakkal,,,,,,,,,,,,,,,,
Namakkal,Namakkal Fort,Fort,Oct-Feb,Hotel Residency,"₹ 2,500",4.8,Pleasant,Namakkal,,,,,,,,,,,,,,,,
Namakkal,Kolli Hills View Point,Hill Station,Oct-Mar,Silverline Retreat,"₹ 4,000",4.9,Cool,Kolli Hills,,,,,,,,,,,,,,,,
Namakkal,Agaya Gangai Falls,Waterfall,Jul-Jan,Silverline Retreat,"₹ 4,000",4.9,Pleasant,Kolli Hills,,,,,,,,,,,,,,,,
Namakkal,Masila Falls,Waterfall,Jul-Jan,Silverline Retreat,"₹ 4,000",4.7,Pleasant,Kolli Hills,,,,,,,,,,,,,,,,
Namakkal,Boat House Kolli Hills,Nature,Oct-Mar,Silverline Retreat,"₹ 4,000",4.6,Cool,Kolli Hills,,,,,,,,,,,,,,,,
Namakkal,Seeku Parai View Point,View Point,Oct-Mar,Silverline Retreat,"₹ 4,000",4.8,Cool,Kolli Hills,,,,,,,,,,,,,,,,
Namakkal,Namakkal Mosque,Mosque,Nov-Feb,Hotel Residency,"₹ 2,500",4.3,Pleasant,Namakkal,,,,,,,,,,,,,,,,
Namakkal,CSI Church Namakkal,Church,Nov-Feb,Hotel Residency,"₹ 2,500",4.4,Pleasant,Namakkal,,,,,,,,,,,,,,,,
Salem,Yercaud Lake,Nature,Oct-May,Sterling Yercaud,"₹ 6,000",4.9,Cool,Yercaud,,,,,,,,,,,,,,,,
Salem,Lady's Seat,View Point,Oct-May,Grand Palace Hotel,"₹ 4,500",4.8,Cool,Yercaud,,,,,,,,,,,,,,,,
Salem,Pagoda Point,View Point,Oct-May,Sterling Yercaud,"₹ 6,000",4.8,Cool,Yercaud,,,,,,,,,,,,,,,,
Salem,Kiliyur Falls,Waterfall,Jul-Jan,Great Trails Yercaud,"₹ 7,000",4.8,Pleasant,Yercaud,,,,,,,,,,,,,,,,
Salem,Shevaroy Temple,Temple,Oct-Feb,Great Trails Yercaud,"₹ 7,000",4.7,Pleasant,Yercaud Peak,,,,,,,,,,,,,,,,
Salem,Sugavaneswarar Temple,Temple,Oct-Feb,CJ Pallazzio,"₹ 5,000",4.8,Pleasant,Salem City,,,,,,,,,,,,,,,,
Salem,Salem Jumma Mosque,Mosque,Nov-Feb,CJ Pallazzio,"₹ 5,000",4.4,Pleasant,Salem,,,,,,,,,,,,,,,,
Salem,Sacred Heart Church,Church,Nov-Feb,Grand Estancia,"₹ 5,500",4.5,Pleasant,Salem,,,,,,,,,,,,,,,,
Salem,Kurumbapatti Zoo,Wildlife,Nov-Feb,Sterling Yercaud,"₹ 6,000",4.6,Pleasant,Yercaud,,,,,,,,,,,,,,,,
Salem,Mookaneri Lake,Nature,Nov-Feb,CJ Pallazzio,"₹ 5,000",4.5,Pleasant,Salem,,,,,,,,,,,,,,,,
Krishnagiri,Krishnagiri Dam,Nature,Oct-Feb,Hotel Anand Inn,"₹ 3,000",4.8,Pleasant,Krishnagiri,,,,,,,,,,,,,,,,
Krishnagiri,Rayakottai Fort,Fort,Oct-Feb,Hotel Milestonnez,"₹ 3,500",4.7,Pleasant,Rayakottai,,,,,,,,,,,,,,,,
Krishnagiri,Chandira Choodeswarar Temple,Temple,Oct-Feb,Hotel Anand Inn,"₹ 3,000",4.8,Pleasant,Hosur,,,,,,,,,,,,,,,,
Krishnagiri,Hosur Mosque,Mosque,Nov-Feb,Hotel Claresta,"₹ 4,500",4.4,Pleasant,Hosur,,,,,,,,,,,,,,,,
Krishnagiri,St Joseph Church Hosur,Church,Nov-Feb,Hotel Claresta,"₹ 4,500",4.5,Pleasant,Hosur,,,,,,,,,,,,,,,,
Krishnagiri,Kelavarapalli Dam,Nature,Nov-Feb,Hotel Milestonnez,"₹ 3,500",4.6,Pleasant,Hosur,,,,,,,,,,,,,,,,
Krishnagiri,Denkanikottai Hills,Hill Station,Oct-Mar,Forest Hill Resort,"₹ 4,500",4.7,Cool,Denkanikottai,,,,,,,,,,,,,,,,
Krishnagiri,Maharajakadai Hills,Trekking,Oct-Mar,Forest Hill Resort,"₹ 4,500",4.6,Cool,Krishnagiri,,,,,,,,,,,,,,,,
Krishnagiri,Government Museum,Museum,All Year,Hotel Anand Inn,"₹ 3,000",4.3,Warm,Krishnagiri,,,,,,,,,,,,,,,,
Krishnagiri,Shoolagiri View Point,Nature,Nov-Feb,Hotel Claresta,"₹ 4,500",4.5,Pleasant,Shoolagiri,,,,,,,,,,,,,,,,
Dharmapuri,Hogenakkal Falls,Waterfall,Jul-Jan,Hogenakkal Falls Resort,"₹ 4,000",5,Pleasant,Pennagaram,,,,,,,,,,,,,,,,
Dharmapuri,Theerthamalai Temple,Temple,Oct-Feb,Hotel Adhiyamaan Palace,"₹ 3,500",4.8,Pleasant,Harur,,,,,,,,,,,,,,,,
Dharmapuri,Dharmapuri Mosque,Mosque,Nov-Feb,Hotel Sri Krishna,"₹ 2,500",4.3,Pleasant,Dharmapuri,,,,,,,,,,,,,,,,
Dharmapuri,CSI Church Dharmapuri,Church,Nov-Feb,Hotel Sri Krishna,"₹ 2,500",4.4,Pleasant,Dharmapuri,,,,,,,,,,,,,,,,
Dharmapuri,Adhiyamankottai Fort,Fort,Oct-Feb,Hotel Adhiyamaan Palace,"₹ 3,500",4.6,Pleasant,Dharmapuri,,,,,,,,,,,,,,,,
Dharmapuri,Crocodile Park Hogenakkal,Wildlife,Nov-Feb,Hogenakkal Resort,"₹ 4,000",4.6,Pleasant,Hogenakkal,,,,,,,,,,,,,,,,
Dharmapuri,Mettur View Region,Nature,Nov-Feb,Hotel Sri Krishna,"₹ 2,500",4.4,Pleasant,Border Area,,,,,,,,,,,,,,,,
Dharmapuri,Vathalmalai Hills,Hill Station,Oct-Mar,Vathalmalai Eco Camp,"₹ 3,000",4.8,Cool,Harur,,,,,,,,,,,,,,,,
Dharmapuri,Hanuman Theertham,Nature,Nov-Feb,Vathalmalai Eco Camp,"₹ 3,000",4.5,Pleasant,Vathalmalai,,,,,,,,,,,,,,,,
Dharmapuri,Kottai Kovil,Heritage Temple,Oct-Feb,Hotel Adhiyamaan Palace,"₹ 3,500",4.6,Pleasant,Adhiyamankottai,,,,,,,,,,,,,,,,
Vellore,Jalakandeswarar Temple,Temple,Oct-Feb,Regency Sameera,"₹ 3,500",4.9,Pleasant,Vellore Fort,,,,,,,,,,,,,,,,
Vellore,Vellore Fort,Fort,Oct-Feb,Regency Sameera,"₹ 3,500",4.9,Pleasant,Vellore City,,,,,,,,,,,,,,,,
Vellore,Big Mosque Vellore,Mosque,Nov-Feb,Benzz Park,"₹ 4,500",4.4,Pleasant,Vellore,,,,,,,,,,,,,,,,
Vellore,CSI Church Vellore,Church,Nov-Feb,Benzz Park,"₹ 4,500",4.5,Pleasant,Vellore,,,,,,,,,,,,,,,,
Vellore,Sripuram Golden Temple,Pilgrim,Oct-Feb,Khanna Fiesta,"₹ 4,000",5,Pleasant,Thirumalaikodi,,,,,,,,,,,,,,,,
Vellore,Amirthi Zoological Park,Wildlife,Nov-Feb,Regency Sameera,"₹ 3,500",4.7,Pleasant,Amirthi,,,,,,,,,,,,,,,,
Vellore,Amirthi Falls,Waterfall,Jul-Jan,Khanna Fiesta,"₹ 4,000",4.7,Pleasant,Amirthi,,,,,,,,,,,,,,,,
Vellore,Ratnagiri Murugan Temple,Temple,Oct-Feb,Benzz Park,"₹ 4,500",4.8,Pleasant,Arcot Road,,,,,,,,,,,,,,,,
Vellore,Yelagiri Border View,Nature,Oct-Mar,Khanna Fiesta,"₹ 4,000",4.5,Pleasant,Vellore Route,,,,,,,,,,,,,,,,
Vellore,Government Museum Vellore,Museum,All Year,Regency Sameera,"₹ 3,500",4.4,Warm,Vellore,,,,,,,,,,,,,,,,
Kanyakumari,Vivekananda Rock Memorial,Heritage,Oct-Feb,Sparsa Resort,"₹ 5,500",5,Pleasant,Kanyakumari,,,,,,,,,,,,,,,,
Kanyakumari,Thiruvalluvar Statue,Monument,Oct-Feb,Sparsa Resort,"₹ 5,500",4.9,Pleasant,Ferry Route,,,,,,,,,,,,,,,,
Kanyakumari,Bhagavathy Amman Temple,Temple,Oct-Feb,Annai Resort,"₹ 4,500",4.8,Pleasant,Kanyakumari,,,,,,,,,,,,,,,,
Kanyakumari,St Xavier Church,Church,Nov-Feb,Annai Resort,"₹ 4,500",4.6,Pleasant,Nagercoil,,,,,,,,,,,,,,,,
Kanyakumari,Kottar Mosque,Mosque,Nov-Feb,Hotel Sea View,"₹ 3,500",4.4,Pleasant,Nagercoil,,,,,,,,,,,,,,,,
Kanyakumari,Vattakottai Fort,Fort,Oct-Feb,Sparsa Resort,"₹ 5,500",4.8,Pleasant,Kanyakumari,,,,,,,,,,,,,,,,
Kanyakumari,Mathur Aqueduct,Heritage,Nov-Feb,Hotel Sea View,"₹ 3,500",4.7,Pleasant,Thiruvattar,,,,,,,,,,,,,,,,
Kanyakumari,Padmanabhapuram Palace,Heritage,Oct-Feb,Annai Resort,"₹ 4,500",4.9,Pleasant,Thuckalay,,,,,,,,,,,,,,,,
Kanyakumari,Muttom Beach,Beach,Nov-Feb,Hotel Sea View,"₹ 3,500",4.8,Pleasant,Muttom,,,,,,,,,,,,,,,,
Kanyakumari,Chothavilai Beach,Beach,Nov-Feb,Sparsa Resort,"₹ 5,500",4.7,Pleasant,Kanyakumari,,,,,,,,,,,,,,,,
Tirunelveli,Nellaiappar Temple,Temple,Oct-Feb,Hotel Applettree,"₹ 4,000",5,Pleasant,Tirunelveli City,,,,,,,,,,,,,,,,
Tirunelveli,Palayamkottai Mosque,Mosque,Nov-Feb,Hotel Aryaas,"₹ 3,000",4.4,Pleasant,Palayamkottai,,,,,,,,,,,,,,,,
Tirunelveli,Holy Trinity Cathedral,Church,Nov-Feb,Hotel Applettree,"₹ 4,000",4.7,Pleasant,Palayamkottai,,,,,,,,,,,,,,,,
Tirunelveli,Agasthiyar Falls,Waterfall,Jul-Jan,Manimuthar Resort,"₹ 4,500",4.9,Pleasant,Papanasam,,,,,,,,,,,,,,,,
Tirunelveli,Manimuthar Dam,Nature,Nov-Feb,Manimuthar Resort,"₹ 4,500",4.8,Pleasant,Ambasamudram,,,,,,,,,,,,,,,,
Tirunelveli,Papanasam Dam,Nature,Nov-Feb,Manimuthar Resort,"₹ 4,500",4.8,Pleasant,Papanasam,,,,,,,,,,,,,,,,
Tirunelveli,Karaiyar Dam,Nature,Nov-Feb,Eco Camp,"₹ 3,500",4.7,Pleasant,Kalakad,,,,,,,,,,,,,,,,
Tirunelveli,Kalakad Mundanthurai Tiger Reserve,Wildlife,Nov-Feb,Eco Camp,"₹ 3,500",4.9,Pleasant,KMTR,,,,,,,,,,,,,,,,
Tirunelveli,Courtallam Border View,Nature,Oct-Mar,Hotel Aryaas,"₹ 3,000",4.5,Pleasant,Western Ghats,,,,,,,,,,,,,,,,
Tirunelveli,Manjolai Hills,Hill Station,Oct-Mar,Manjolai Estate Stay,"₹ 5,000",4.9,Cool,Manimuthar Route,,,,,,,,,,,,,,,,
Nilgiris,Ooty Lake,Nature,Apr-Jun,Sterling Ooty,"₹ 6,500",4.8,Cool,Ooty,,,,,,,,,,,,,,,,
Nilgiris,Botanical Garden,Nature,Apr-Jun,Fortune Resort Sullivan Court,"₹ 7,000",4.8,Cool,Ooty,,,,,,,,,,,,,,,,
Nilgiris,Rose Garden,Nature,Apr-Jun,Fortune Resort Sullivan Court,"₹ 7,000",4.7,Cool,Ooty,,,,,,,,,,,,,,,,
Nilgiris,Doddabetta Peak,View Point,Oct-Mar,Sterling Ooty,"₹ 6,500",4.9,Cool,Ooty,,,,,,,,,,,,,,,,
Nilgiris,Avalanche Lake,Nature,Oct-Mar,Destiny Farmstay,"₹ 8,000",4.9,Cool,Avalanche,,,,,,,,,,,,,,,,
Nilgiris,Emerald Lake,Nature,Oct-Mar,Destiny Farmstay,"₹ 8,000",4.8,Cool,Emerald,,,,,,,,,,,,,,,,
Nilgiris,Pykara Falls,Waterfall,Jul-Jan,Sterling Ooty,"₹ 6,500",4.8,Pleasant,Pykara,,,,,,,,,,,,,,,,
Nilgiris,Pykara Lake,Nature,Oct-Mar,Sterling Ooty,"₹ 6,500",4.8,Cool,Pykara,,,,,,,,,,,,,,,,
Nilgiris,Thread Garden,Park,Apr-Jun,Fortune Resort,"₹ 7,000",4.5,Cool,Ooty,,,,,,,,,,,,,,,,
Nilgiris,Wax World Museum,Museum,All Year,Fortune Resort,"₹ 7,000",4.4,Cool,Ooty,,,,,,,,,,,,,,,,
Mayiladuthurai,Thirukkadaiyur Temple,Temple,Oct-Feb,Abirami Residency,"₹ 3,000",4.9,Pleasant,Thirukkadaiyur,,,,,,,,,,,,,,,,
Mayiladuthurai,Masilamani Nathar Temple,Temple,Oct-Feb,Hotel Seagate,"₹ 2,500",4.8,Pleasant,Tharangambadi,,,,,,,,,,,,,,,,
Mayiladuthurai,Nagore Dargah Extension Area,Mosque,Nov-Feb,Hotel Golden Sand,"₹ 2,800",4.7,Pleasant,Nagore Route,,,,,,,,,,,,,,,,
Mayiladuthurai,Zion Church Tranquebar,Church,Nov-Feb,Neemrana Heritage,"₹ 7,000",4.7,Pleasant,Tharangambadi,,,,,,,,,,,,,,,,
Mayiladuthurai,Danish Governor Bungalow,Heritage,Oct-Feb,Neemrana Heritage,"₹ 7,000",4.8,Pleasant,Tranquebar,,,,,,,,,,,,,,,,
Mayiladuthurai,Fort Dansborg,Fort,Oct-Feb,Neemrana Heritage,"₹ 7,000",4.9,Pleasant,Tranquebar,,,,,,,,,,,,,,,,
Mayiladuthurai,Tranquebar Museum,Museum,All Year,Neemrana Heritage,"₹ 7,000",4.6,Warm,Tranquebar,,,,,,,,,,,,,,,,
Mayiladuthurai,Cauvery Delta View,Nature,Nov-Feb,Million Day Hotel,"₹ 3,000",4.5,Pleasant,Mayiladuthurai,,,,,,,,,,,,,,,,
Mayiladuthurai,Sirkazhi Bird Region,Wildlife,Nov-Feb,Hotel Golden Sand,"₹ 2,800",4.4,Pleasant,Sirkazhi,,,,,,,,,,,,,,,,
Mayiladuthurai,Poompuhar Art Gallery,Heritage,All Year,Hotel Seagate,"₹ 2,500",4.4,Warm,Poompuhar,,,,,,,,,,,,,,,,
Chennai,Vadapalani Murugan Temple,Temple,Oct-Feb,Green Park Chennai,"₹ 6,000",4.8,Pleasant,Vadapalani,,,,,,,,,,,,,,,,
Chennai,Kalikambal Temple,Temple,Oct-Feb,Taj Club House,"₹ 8,500",4.7,Pleasant,Parry's Corner,,,,,,,,,,,,,,,,
Chennai,Big Mosque Triplicane,Mosque,Nov-Feb,Residency Towers,"₹ 6,000",4.5,Pleasant,Triplicane,,,,,,,,,,,,,,,,
Chennai,St Thomas Basilica Museum,Heritage,Nov-Feb,Radisson Blu,"₹ 7,000",4.6,Pleasant,Santhome,,,,,,,,,,,,,,,,
Chennai,Broken Bridge,Nature,Nov-Feb,Turyaa Chennai,"₹ 5,000",4.5,Pleasant,Besant Nagar,,,,,,,,,,,,,,,,
Chennai,Chennai Rail Museum,Museum,All Year,Lemon Tree Hotel,"₹ 4,500",4.7,Warm,Villivakkam,,,,,,,,,,,,,,,,
Chennai,Vivekananda House,Heritage,Nov-Feb,Taj Coromandel,"₹ 12,000",4.7,Pleasant,Marina Beach,,,,,,,,,,,,,,,,
Chennai,Cholamandal Artists Village,Heritage,Nov-Feb,MGM Beach Resort,"₹ 5,500",4.6,Pleasant,Injambakkam,,,,,,,,,,,,,,,,
Chennai,Pulicat Lake (TN Side),Nature,Nov-Feb,RK Residency,"₹ 3,000",4.8,Pleasant,Ponneri,,,,,,,,,,,,,,,,
Chennai,Pulicat Bird Sanctuary,Wildlife,Nov-Feb,RK Residency,"₹ 3,000",4.8,Pleasant,Pulicat,,,,,,,,,,,,,,,,
Madurai,Alagar Kovil,Temple,Oct-Feb,Heritage Madurai,"₹ 7,000",4.9,Pleasant,Alagar Hills,,,,,,,,,,,,,,,,
Madurai,Pazhamudircholai,Pilgrim,Oct-Feb,Heritage Madurai,"₹ 7,000",4.9,Pleasant,Alagar Hills,,,,,,,,,,,,,,,,
Madurai,Alagar Dam,Nature,Nov-Feb,Poppys Hotel,"₹ 4,000",4.7,Pleasant,Alagar Hills,,,,,,,,,,,,,,,,
Madurai,Gandhi Memorial Museum,Museum,All Year,Courtyard Marriott,"₹ 6,500",4.8,Warm,Madurai,,,,,,,,,,,,,,,,
Madurai,Kazimar Big Mosque,Mosque,Nov-Feb,Regency by GRT,"₹ 5,500",4.7,Pleasant,Madurai,,,,,,,,,,,,,,,,
Madurai,St Mary's Cathedral,Church,Nov-Feb,Regency by GRT,"₹ 5,500",4.6,Pleasant,Madurai,,,,,,,,,,,,,,,,
Madurai,Thiruparankundram Temple,Temple,Oct-Feb,Astoria Hotels,"₹ 3,500",4.9,Pleasant,Thiruparankundram,,,,,,,,,,,,,,,,
Madurai,Thiruparankundram Hill,Nature,Oct-Mar,Astoria Hotels,"₹ 3,500",4.7,Pleasant,Madurai,,,,,,,,,,,,,,,,
Madurai,Eco Park Madurai,Nature,Nov-Feb,Poppys Hotel,"₹ 4,000",4.4,Pleasant,Madurai,,,,,,,,,,,,,,,,
Madurai,Banana Market,Cultural,All Year,Courtyard Marriott,"₹ 6,500",4.5,Warm,Mattuthavani,,,,,,,,,,,,,,,,
Thanjavur,Thanjai Mamani Koil,Temple,Oct-Feb,Sangam Hotel,"₹ 5,000",4.8,Pleasant,Thanjavur,,,,,,,,,,,,,,,,
Thanjavur,Alangudi Guru Temple,Pilgrim,Oct-Feb,Hotel Gnanam,"₹ 3,500",4.8,Pleasant,Alangudi,,,,,,,,,,,,,,,,
Thanjavur,Kumbakonam Adi Kumbeswarar Temple,Temple,Oct-Feb,Indeco Swamimalai,"₹ 7,000",4.9,Pleasant,Kumbakonam,,,,,,,,,,,,,,,,
Thanjavur,Nagore Mosque Route Point,Mosque,Nov-Feb,Hotel Parisutham,"₹ 4,000",4.3,Pleasant,Delta Region,,,,,,,,,,,,,,,,
Thanjavur,Sacred Heart Church Thanjavur,Church,Nov-Feb,Sangam Hotel,"₹ 5,000",4.5,Pleasant,Thanjavur,,,,,,,,,,,,,,,,
Thanjavur,Kumbakonam Mahamaham Tank,Heritage,Nov-Feb,Indeco Swamimalai,"₹ 7,000",4.8,Pleasant,Kumbakonam,,,,,,,,,,,,,,,,
Thanjavur,Darasuram Heritage Complex,Heritage,Oct-Feb,Hotel Gnanam,"₹ 3,500",4.9,Pleasant,Darasuram,,,,,,,,,,,,,,,,
Thanjavur,Manora Fort,Fort,Nov-Feb,Manora Beach Resort,"₹ 4,500",4.7,Pleasant,Pattukkottai,,,,,,,,,,,,,,,,
Thanjavur,Manora Beach,Beach,Nov-Feb,Manora Beach Resort,"₹ 4,500",4.6,Pleasant,Pattukkottai,,,,,,,,,,,,,,,,
Thanjavur,Uyyakondan River Region,Nature,Nov-Feb,Hotel Parisutham,"₹ 4,000",4.4,Pleasant,Thanjavur,,,,,,,,,,,,,,,,
Nagapattinam,Soundararaja Perumal Temple,Temple,Oct-Feb,Hotel Seagate,"₹ 2,500",4.7,Pleasant,Nagapattinam,,,,,,,,,,,,,,,,
Nagapattinam,Sikkal Singaravelar Temple,Temple,Oct-Feb,Clinton Park Inn,"₹ 4,000",4.8,Pleasant,Sikkal,,,,,,,,,,,,,,,,
Nagapattinam,Nagore Beach,Beach,Nov-Feb,MGM Velankanni Residency,"₹ 3,500",4.5,Pleasant,Nagore,,,,,,,,,,,,,,,,
Nagapattinam,Velankanni Beach,Beach,Nov-Feb,Clinton Park Inn,"₹ 4,000",4.7,Pleasant,Velankanni,,,,,,,,,,,,,,,,
Nagapattinam,Dutch Heritage Area,Heritage,Oct-Feb,Hotel Seagate,"₹ 2,500",4.5,Pleasant,Nagapattinam,,,,,,,,,,,,,,,,
Nagapattinam,Lighthouse Nagapattinam,View Point,Nov-Feb,Hotel Seagate,"₹ 2,500",4.4,Pleasant,Beach Road,,,,,,,,,,,,,,,,
Nagapattinam,Vedaranyam Salt Fields,Nature,Nov-Feb,Eco Lodge Kodikkarai,"₹ 3,000",4.5,Pleasant,Vedaranyam,,,,,,,,,,,,,,,,
Nagapattinam,Kodiakkarai Watch Tower,Wildlife,Nov-Feb,Point Calimere Eco Lodge,"₹ 3,500",4.7,Pleasant,Kodikkarai,,,,,,,,,,,,,,,,
Nagapattinam,Basilica Pilgrim Centre,Pilgrim,Nov-Feb,Clinton Park Inn,"₹ 4,000",4.8,Pleasant,Velankanni,,,,,,,,,,,,,,,,
Nagapattinam,Vettar River Estuary,Nature,Nov-Feb,Hotel Seagate,"₹ 2,500",4.4,Pleasant,Nagapattinam,,,,,,,,,,,,,,,,
Pudukkottai,Narthamalai Hills,Heritage,Oct-Feb,Hotel Chellam Residency,"₹ 3,000",4.8,Pleasant,Narthamalai,,,,,,,,,,,,,,,,
Pudukkottai,Vijayalaya Choleeswaram Temple,Temple,Oct-Feb,Hotel Prince,"₹ 2,500",4.8,Pleasant,Narthamalai,,,,,,,,,,,,,,,,
Pudukkottai,Avur Church,Church,Nov-Feb,Hotel Prince,"₹ 2,500",4.7,Pleasant,Avur,,,,,,,,,,,,,,,,
Pudukkottai,Jambuvanodai Mosque,Mosque,Nov-Feb,Hotel Chellam Residency,"₹ 3,000",4.3,Pleasant,Pudukkottai,,,,,,,,,,,,,,,,
Pudukkottai,Kattubava Pallivasal,Pilgrim,Nov-Feb,Hotel Chellam Residency,"₹ 3,000",4.7,Pleasant,Pudukkottai,,,,,,,,,,,,,,,,
Pudukkottai,Pudukulam Lake,Nature,Nov-Feb,Hotel Prince,"₹ 2,500",4.4,Pleasant,Pudukkottai,,,,,,,,,,,,,,,,
Pudukkottai,Alangudi Temple,Temple,Oct-Feb,Hotel Prince,"₹ 2,500",4.7,Pleasant,Alangudi,,,,,,,,,,,,,,,,
Pudukkottai,Kodumbalur Moovar Koil,Heritage,Oct-Feb,Hotel Chellam Residency,"₹ 3,000",4.9,Pleasant,Kodumbalur,,,,,,,,,,,,,,,,
Pudukkottai,Thiruvarankulam Temple,Temple,Oct-Feb,Hotel Prince,"₹ 2,500",4.6,Pleasant,Thiruvarankulam,,,,,,,,,,,,,,,,
Pudukkottai,Viralimalai Peacock Sanctuary,Wildlife,Nov-Feb,Hotel Chellam Residency,"₹ 3,000",4.8,Pleasant,Viralimalai,,,,,,,,,,,,,,,,
Ariyalur,Kallankurichi Limestone Region,Nature,Nov-Feb,Hotel Ashoka,"₹ 2,500",4.4,Pleasant,Ariyalur,,,,,,,,,,,,,,,,
Ariyalur,Gangaikondacholapuram Museum,Museum,All Year,Hotel Anandha Inn,"₹ 3,500",4.6,Warm,Jayankondam,,,,,,,,,,,,,,,,
Ariyalur,Ponparappi Temple,Temple,Oct-Feb,Hotel Ashoka,"₹ 2,500",4.6,Pleasant,Ariyalur,,,,,,,,,,,,,,,,
Ariyalur,Keelapalur Mosque,Mosque,Nov-Feb,Hotel Ashoka,"₹ 2,500",4.3,Pleasant,Keelapalur,,,,,,,,,,,,,,,,
Ariyalur,St Lourdes Church,Church,Nov-Feb,Hotel Anandha Inn,"₹ 3,500",4.4,Pleasant,Ariyalur,,,,,,,,,,,,,,,,
Ariyalur,Sendurai Heritage Zone,Heritage,Oct-Feb,Hotel Ashoka,"₹ 2,500",4.5,Pleasant,Sendurai,,,,,,,,,,,,,,,,
Ariyalur,Jayankondam Lake,Nature,Nov-Feb,Hotel Anandha Inn,"₹ 3,500",4.4,Pleasant,Jayankondam,,,,,,,,,,,,,,,,
Ariyalur,Chola Sculpture Site,Heritage,Oct-Feb,Hotel Anandha Inn,"₹ 3,500",4.7,Pleasant,GKC Region,,,,,,,,,,,,,,,,
Ariyalur,Anaikudi Eco Area,Nature,Nov-Feb,Hotel Ashoka,"₹ 2,500",4.4,Pleasant,Ariyalur,,,,,,,,,,,,,,,,
Ariyalur,Fossil Heritage Trail,Heritage,Nov-Feb,Hotel Ashoka,"₹ 2,500",4.8,Pleasant,Ariyalur,,,,,,,,,,,,,,,,
Tiruvannamalai,Sathanur Crocodile Farm,Wildlife,Nov-Feb,Hotel Himalayaa,"₹ 3,500",4.7,Pleasant,Sathanur,,,,,,,,,,,,,,,,
Tiruvannamalai,Parvathamalai Trek,Hill Trek,Oct-Mar,Jawadhu Eco Camp,"₹ 3,000",4.9,Cool,Thenmathimangalam,,,,,,,,,,,,,,,,
Tiruvannamalai,Jawadhu Reservoir,Nature,Nov-Feb,Jawadhu Eco Camp,"₹ 3,000",4.5,Pleasant,Jawadhu Hills,,,,,,,,,,,,,,,,
Tiruvannamalai,Tiruvannamalai Big Mosque,Mosque,Nov-Feb,Hotel Himalayaa,"₹ 3,500",4.3,Pleasant,Tiruvannamalai,,,,,,,,,,,,,,,,
Tiruvannamalai,St Joseph Church,Church,Nov-Feb,Athena Hotel,"₹ 4,000",4.4,Pleasant,Tiruvannamalai,,,,,,,,,,,,,,,,
Tiruvannamalai,Annamalaiyar Deepam View Point,Heritage,Nov-Feb,Sparsa Resort,"₹ 5,000",4.9,Pleasant,Arunachala Hill,,,,,,,,,,,,,,,,
Tiruvannamalai,Seshadri Ashram,Pilgrim,Oct-Feb,Athena Hotel,"₹ 4,000",4.7,Pleasant,Tiruvannamalai,,,,,,,,,,,,,,,,
Tiruvannamalai,Javvadu Tribal Village,Cultural,Oct-Mar,Jawadhu Eco Camp,"₹ 3,000",4.5,Cool,Jawadhu Hills,,,,,,,,,,,,,,,,
Tiruvannamalai,Chengam Heritage Route,Heritage,Oct-Feb,Hotel Himalayaa,"₹ 3,500",4.4,Pleasant,Chengam,,,,,,,,,,,,,,,,
Tiruvannamalai,Mullipattu Water Stream,Nature,Nov-Feb,Jawadhu Eco Camp,"₹ 3,000",4.5,Pleasant,Jawadhu Hills,,,,,,,,,,,,,,,,
Chengalpattu,Mahabalipuram Shore Temple,Temple,Nov-Feb,Radisson Blu Temple Bay,"₹ 8,500",5,Pleasant,Mahabalipuram,,,,,,,,,,,,,,,,
Chengalpattu,Five Rathas,Heritage,Nov-Feb,Grande Bay Resort,"₹ 6,500",4.9,Pleasant,Mahabalipuram,,,,,,,,,,,,,,,,
Chengalpattu,Arjuna's Penance,Heritage,Nov-Feb,Grande Bay Resort,"₹ 6,500",4.8,Pleasant,Mahabalipuram,,,,,,,,,,,,,,,,
Chengalpattu,Tiger Cave,Heritage,Nov-Feb,Radisson Blu Temple Bay,"₹ 8,500",4.7,Pleasant,ECR,,,,,,,,,,,,,,,,
Chengalpattu,Mahabalipuram Beach,Beach,Nov-Feb,Grande Bay Resort,"₹ 6,500",4.8,Pleasant,Mahabalipuram,,,,,,,,,,,,,,,,
Chengalpattu,Muttukadu Backwaters,Nature,Nov-Feb,MGM Beach Resort,"₹ 5,500",4.7,Pleasant,ECR,,,,,,,,,,,,,,,,
Chengalpattu,Vedanthangal Bird Sanctuary,Wildlife,Nov-Feb,Esthell Village Resort,"₹ 4,500",4.8,Pleasant,Vedanthangal,,,,,,,,,,,,,,,,
Chengalpattu,Dutch Fort Sadras,Fort,Nov-Feb,MGM Beach Resort,"₹ 5,500",4.6,Pleasant,Kalpakkam,,,,,,,,,,,,,,,,
Chengalpattu,Alamparai Fort,Fort,Nov-Feb,Blue Bay Resort,"₹ 4,000",4.7,Pleasant,Kadappakkam,,,,,,,,,,,,,,,,
Chengalpattu,Madras Crocodile Bank,Wildlife,Nov-Feb,Radisson Blu Temple Bay,"₹ 8,500",4.8,Pleasant,ECR,,,,,,,,,,,,,,,,
Cuddalore,Silver Beach,Beach,Nov-Feb,Arcot Woodlands,"₹ 3,500",4.8,Pleasant,Cuddalore,,,,,,,,,,,,,,,,
Cuddalore,Devanampattinam Beach,Beach,Nov-Feb,Hotel Seemati,"₹ 2,500",4.6,Pleasant,Cuddalore,,,,,,,,,,,,,,,,
Cuddalore,Pichavaram Mangrove Forest,Nature,Nov-Feb,Mangrove Resort,"₹ 4,500",4.9,Pleasant,Chidambaram,,,,,,,,,,,,,,,,
Cuddalore,Chidambaram Natarajar Temple,Temple,Oct-Feb,Saradharam Eco Resort,"₹ 5,000",5,Pleasant,Chidambaram,,,,,,,,,,,,,,,,
Cuddalore,Killai Backwaters,Nature,Nov-Feb,Mangrove Resort,"₹ 4,500",4.7,Pleasant,Killai,,,,,,,,,,,,,,,,
Cuddalore,Fort St David,Fort,Nov-Feb,Arcot Woodlands,"₹ 3,500",4.7,Pleasant,Cuddalore,,,,,,,,,,,,,,,,
Cuddalore,St David Church,Church,Nov-Feb,Arcot Woodlands,"₹ 3,500",4.5,Pleasant,Cuddalore,,,,,,,,,,,,,,,,
Cuddalore,Sonagar Mosque,Mosque,Nov-Feb,Hotel Seemati,"₹ 2,500",4.3,Pleasant,Cuddalore,,,,,,,,,,,,,,,,
Cuddalore,Veeranam Lake,Nature,Nov-Feb,Saradharam Eco Resort,"₹ 5,000",4.6,Pleasant,Kattumannarkoil,,,,,,,,,,,,,,,,
Cuddalore,Parangipettai Heritage Area,Heritage,Oct-Feb,Arcot Woodlands,"₹ 3,500",4.5,Pleasant,Porto Novo,,,,,,,,,,,,,,,,
Viluppuram,Gingee Fort,Fort,Oct-Feb,Hotel Ramya Residency,"₹ 3,000",5,Pleasant,Gingee,,,,,,,,,,,,,,,,
Viluppuram,Melmalayanur Temple,Temple,Oct-Feb,Hotel Ramya Residency,"₹ 3,000",4.8,Pleasant,Melmalayanur,,,,,,,,,,,,,,,,
Viluppuram,Thiruvakkarai Fossil Park,Heritage,Nov-Feb,Grand Kubera,"₹ 3,500",4.7,Pleasant,Thiruvakkarai,,,,,,,,,,,,,,,,
Viluppuram,Thiruvakkarai Temple,Temple,Oct-Feb,Grand Kubera,"₹ 3,500",4.7,Pleasant,Thiruvakkarai,,,,,,,,,,,,,,,,
Viluppuram,Gingee Mosque,Mosque,Nov-Feb,Hotel Ramya Residency,"₹ 3,000",4.3,Pleasant,Gingee,,,,,,,,,,,,,,,,
Viluppuram,Sacred Heart Church,Church,Nov-Feb,Grand Kubera,"₹ 3,500",4.4,Pleasant,Tindivanam,,,,,,,,,,,,,,,,
Viluppuram,Kalrayan Foothills,Nature,Nov-Feb,Eco Hill Resort,"₹ 4,000",4.7,Pleasant,Sankarapuram Route,,,,,,,,,,,,,,,,
Viluppuram,Mailam Murugan Temple,Temple,Oct-Feb,Hotel Ramya Residency,"₹ 3,000",4.8,Pleasant,Mailam,,,,,,,,,,,,,,,,
Viluppuram,Auroville Border Area,Heritage,Nov-Feb,Grand Kubera,"₹ 3,500",4.6,Pleasant,Vanur,,,,,,,,,,,,,,,,
Viluppuram,Thenpennai River View,Nature,Nov-Feb,Eco Hill Resort,"₹ 4,000",4.5,Pleasant,Villupuram,,,,,,,,,,,,,,,,
Kancheepuram,Ekambareswarar Temple,Temple,Oct-Feb,GRT Regency,"₹ 5,000",5,Pleasant,Kanchipuram,,,,,,,,,,,,,,,,
Kancheepuram,Kailasanathar Temple,Temple,Oct-Feb,GRT Regency,"₹ 5,000",4.9,Pleasant,Kanchipuram,,,,,,,,,,,,,,,,
Kancheepuram,Varadharaja Perumal Temple,Temple,Oct-Feb,Regency Kanchipuram,"₹ 3,500",4.9,Pleasant,Kanchipuram,,,,,,,,,,,,,,,,
Kancheepuram,Kanchi Kamakshi Temple,Pilgrim,Oct-Feb,GRT Regency,"₹ 5,000",5,Pleasant,Kanchipuram,,,,,,,,,,,,,,,,
Kancheepuram,Kanchi Kudil,Heritage,Nov-Feb,Regency Kanchipuram,"₹ 3,500",4.7,Pleasant,Kanchipuram,,,,,,,,,,,,,,,,
Kancheepuram,Kanchipuram Silk Centre,Cultural,All Year,GRT Regency,"₹ 5,000",4.6,Warm,Kanchipuram,,,,,,,,,,,,,,,,
Kancheepuram,Ulagalantha Perumal Temple,Temple,Oct-Feb,Regency Kanchipuram,"₹ 3,500",4.8,Pleasant,Kanchipuram,,,,,,,,,,,,,,,,
Kancheepuram,Sunnath Jamath Mosque,Mosque,Nov-Feb,Regency Kanchipuram,"₹ 3,500",4.3,Pleasant,Kanchipuram,,,,,,,,,,,,,,,,
Kancheepuram,CSI Church Kanchipuram,Church,Nov-Feb,GRT Regency,"₹ 5,000",4.4,Pleasant,Kanchipuram,,,,,,,,,,,,,,,,
Kancheepuram,Vedanthangal Route View,Nature,Nov-Feb,Regency Kanchipuram,"₹ 3,500",4.5,Pleasant,Outskirts,,,,,,,,,,,,,,,,
Ramanathapuram,Ramanathaswamy Temple,Temple,Oct-Feb,Daiwik Hotel,"₹ 6,000",5,Pleasant,Rameswaram,,,,,,,,,,,,,,,,
Ramanathapuram,Agni Theertham,Pilgrim,Oct-Feb,Daiwik Hotel,"₹ 6,000",4.9,Pleasant,Rameswaram,,,,,,,,,,,,,,,,
Ramanathapuram,Pamban Bridge View Point,Heritage,Nov-Feb,Hyatt Place Rameswaram,"₹ 7,000",4.9,Pleasant,Pamban,,,,,,,,,,,,,,,,
Ramanathapuram,Dhanushkodi Beach,Beach,Nov-Feb,Daiwik Hotel,"₹ 6,000",5,Pleasant,Dhanushkodi,,,,,,,,,,,,,,,,
Ramanathapuram,Ariyaman Beach,Beach,Nov-Feb,JKR Resort,"₹ 4,500",4.8,Pleasant,Ramanathapuram,,,,,,,,,,,,,,,,
Ramanathapuram,Erwadi Dargah,Pilgrim,Nov-Feb,JKR Resort,"₹ 4,500",4.8,Pleasant,Erwadi,,,,,,,,,,,,,,,,
Ramanathapuram,Valinokkam Beach,Beach,Nov-Feb,Beach Bay Resort,"₹ 4,000",4.6,Pleasant,Valinokkam,,,,,,,,,,,,,,,,
Ramanathapuram,Devipattinam Navagraha Site,Heritage,Oct-Feb,JKR Resort,"₹ 4,500",4.7,Pleasant,Devipattinam,,,,,,,,,,,,,,,,
Ramanathapuram,Rameswaram Big Mosque,Mosque,Nov-Feb,Hyatt Place Rameswaram,"₹ 7,000",4.4,Pleasant,Rameswaram,,,,,,,,,,,,,,,,
Ramanathapuram,St Antony Church Rameswaram,Church,Nov-Feb,Daiwik Hotel,"₹ 6,000",4.5,Pleasant,Rameswaram,,,,,,,,,,,,,,,,
Sivagangai,Pillayarpatti Karpaga Vinayagar Temple,Temple,Oct-Feb,Chidambara Vilas,"₹ 7,000",5,Pleasant,Karaikudi,,,,,,,,,,,,,,,,
Sivagangai,Kundrakudi Murugan Temple,Temple,Oct-Feb,Chidambara Vilas,"₹ 7,000",4.9,Pleasant,Kundrakudi,,,,,,,,,,,,,,,,
Sivagangai,Chettinadu Palace,Heritage,Nov-Feb,Visalam Heritage Hotel,"₹ 8,000",4.9,Pleasant,Kanadukathan,,,,,,,,,,,,,,,,
Sivagangai,Athangudi Tile Village,Heritage,Nov-Feb,Visalam Heritage Hotel,"₹ 8,000",4.8,Pleasant,Athangudi,,,,,,,,,,,,,,,,
Sivagangai,Karaikudi Heritage Walk,Heritage,Nov-Feb,Chidambara Vilas,"₹ 7,000",4.8,Pleasant,Karaikudi,,,,,,,,,,,,,,,,
Sivagangai,Sivagangai Big Mosque,Mosque,Nov-Feb,Hotel Sugam,"₹ 3,000",4.4,Pleasant,Sivagangai,,,,,,,,,,,,,,,,
Sivagangai,Sacred Heart Church Karaikudi,Church,Nov-Feb,Hotel Sugam,"₹ 3,000",4.5,Pleasant,Karaikudi,,,,,,,,,,,,,,,,
Sivagangai,Vettangudi Bird Sanctuary,Wildlife,Nov-Feb,Hotel Sugam,"₹ 3,000",4.7,Pleasant,Tirupattur,,,,,,,,,,,,,,,,
Sivagangai,Chettinad Museum,Museum,All Year,Visalam Heritage Hotel,"₹ 8,000",4.7,Warm,Karaikudi,,,,,,,,,,,,,,,,
Sivagangai,Kanadukathan Palace Area,Heritage,Nov-Feb,Chidambara Vilas,"₹ 7,000",4.8,Pleasant,Kanadukathan,,,,,,,,,,,,,,,,
Thoothukudi,Our Lady of Snows Basilica,Church,Nov-Feb,Hotel DSF Grand Plaza,"₹ 5,000",4.9,Pleasant,Tuticorin,,,,,,,,,,,,,,,,
Thoothukudi,Hare Island,Beach,Nov-Feb,Hotel Raj,"₹ 3,000",4.7,Pleasant,Tuticorin Port,,,,,,,,,,,,,,,,
Thoothukudi,Roche Park Beach,Beach,Nov-Feb,Hotel Raj,"₹ 3,000",4.6,Pleasant,Tuticorin,,,,,,,,,,,,,,,,
Thoothukudi,Kalugumalai Temple,Temple,Oct-Feb,Hotel DSF Grand Plaza,"₹ 5,000",4.9,Pleasant,Kovilpatti,,,,,,,,,,,,,,,,
Thoothukudi,Kalugumalai Jain Monuments,Heritage,Oct-Feb,Hotel DSF Grand Plaza,"₹ 5,000",4.8,Pleasant,Kalugumalai,,,,,,,,,,,,,,,,
Thoothukudi,Tuticorin Grand Mosque,Mosque,Nov-Feb,Hotel Raj,"₹ 3,000",4.4,Pleasant,Tuticorin,,,,,,,,,,,,,,,,
Thoothukudi,Manapad Beach,Beach,Nov-Feb,Manapad Resort,"₹ 4,000",4.8,Pleasant,Tiruchendur Route,,,,,,,,,,,,,,,,
Thoothukudi,Manapad Holy Cross Church,Church,Nov-Feb,Manapad Resort,"₹ 4,000",4.8,Pleasant,Manapad,,,,,,,,,,,,,,,,
Thoothukudi,Kulasekarapattinam Temple,Temple,Oct-Feb,Hotel Chitra Park,"₹ 3,500",4.8,Pleasant,Kulasekarapattinam,,,,,,,,,,,,,,,,
Thoothukudi,Gulf of Mannar Marine Zone,Wildlife,Nov-Feb,Eco Marine Stay,"₹ 4,500",4.9,Pleasant,Coastal Route,,,,,,,,,,,,,,,,
Theni,Suruli Falls,Waterfall,Jul-Jan,Green Royale Resort,"₹ 5,000",4.9,Pleasant,Cumbum,,,,,,,,,,,,,,,,
Theni,Meghamalai,Hill Station,Oct-Mar,Meghamalai Resort,"₹ 6,500",5,Cool,Chinnamanur,,,,,,,,,,,,,,,,
Theni,High Wavys View Point,View Point,Oct-Mar,Meghamalai Resort,"₹ 6,500",4.9,Cool,Meghamalai,,,,,,,,,,,,,,,,
Theni,Vaigai Dam,Nature,Nov-Feb,Hotel Western Ghat,"₹ 3,500",4.8,Pleasant,Andipatti,,,,,,,,,,,,,,,,
Theni,Sothuparai Dam,Nature,Nov-Feb,Green Royale Resort,"₹ 5,000",4.7,Pleasant,Periyakulam,,,,,,,,,,,,,,,,
Theni,Kumbakkarai Falls,Waterfall,Jul-Jan,Hotel Western Ghat,"₹ 3,500",4.8,Pleasant,Periyakulam,,,,,,,,,,,,,,,,
Theni,Kuchanur Saneeswaran Temple,Temple,Oct-Feb,Green Royale Resort,"₹ 5,000",4.8,Pleasant,Kuchanur,,,,,,,,,,,,,,,,
Theni,Theni Mosque,Mosque,Nov-Feb,Hotel Western Ghat,"₹ 3,500",4.3,Pleasant,Theni,,,,,,,,,,,,,,,,
Theni,CSI Church Theni,Church,Nov-Feb,Hotel Western Ghat,"₹ 3,500",4.4,Pleasant,Theni,,,,,,,,,,,,,,,,
Theni,Tea Estate Trail,Nature,Oct-Mar,Meghamalai Resort,"₹ 6,500",4.8,Cool,Meghamalai,,,,,,,,,,,,,,,,
Karur,Nerur Temple,Temple,Oct-Feb,Hotel Hemala,"₹ 3,000",4.8,Pleasant,Nerur,,,,,,,,,,,,,,,,
Karur,Vennamalai Temple,Temple,Oct-Feb,Hotel PLA Residency,"₹ 2,500",4.7,Pleasant,Karur,,,,,,,,,,,,,,,,
Karur,Karur Jumma Mosque,Mosque,Nov-Feb,Hotel Ashok,"₹ 2,500",4.3,Pleasant,Karur,,,,,,,,,,,,,,,,
Karur,CSI Church Karur,Church,Nov-Feb,Hotel Hemala,"₹ 3,000",4.4,Pleasant,Karur,,,,,,,,,,,,,,,,
Karur,Amaravathi Crocodile Farm,Wildlife,Nov-Feb,Hotel PLA Residency,"₹ 2,500",4.6,Pleasant,Karur,,,,,,,,,,,,,,,,
Karur,Mayanur Cauvery Bed,Nature,Nov-Feb,Hotel Ashok,"₹ 2,500",4.7,Pleasant,Mayanur,,,,,,,,,,,,,,,,
Karur,Ponnaniyar Dam,Nature,Nov-Feb,Hotel Hemala,"₹ 3,000",4.5,Pleasant,Karur Outskirts,,,,,,,,,,,,,,,,
Karur,Textile Heritage Centre,Heritage,All Year,Hotel PLA Residency,"₹ 2,500",4.4,Warm,Karur,,,,,,,,,,,,,,,,
Karur,Karur Handloom Village,Cultural,All Year,Hotel Ashok,"₹ 2,500",4.5,Warm,Karur,,,,,,,,,,,,,,,,
Karur,Pasupathipalayam River View,Nature,Nov-Feb,Hotel Hemala,"₹ 3,000",4.4,Pleasant,Karur,,,,,,,,,,,,,,,,
Dindigul,Kodaikanal Lake,Hill Station,Oct-Jun,The Carlton Kodaikanal,"₹ 8,500",5,Cool,Kodaikanal,,,,,,,,,,,,,,,,
Dindigul,Coaker's Walk,Nature,Oct-Jun,Sterling Kodai Lake,"₹ 6,500",4.9,Cool,Kodaikanal,,,,,,,,,,,,,,,,
Dindigul,Bryant Park,Nature,Oct-Jun,Villa Retreat,"₹ 5,500",4.8,Cool,Kodaikanal,,,,,,,,,,,,,,,,
Dindigul,Pillar Rocks,View Point,Oct-Jun,The Carlton Kodaikanal,"₹ 8,500",4.9,Cool,Kodaikanal,,,,,,,,,,,,,,,,
Dindigul,Guna Caves,Heritage,Oct-Jun,Sterling Kodai Lake,"₹ 6,500",4.8,Cool,Kodaikanal,,,,,,,,,,,,,,,,
Dindigul,Pine Forest,Nature,Oct-Jun,Villa Retreat,"₹ 5,500",4.8,Cool,Kodaikanal,,,,,,,,,,,,,,,,
Dindigul,Silver Cascade Falls,Waterfall,Jul-Jan,Hotel Kodai International,"₹ 6,000",4.8,Pleasant,Kodaikanal,,,,,,,,,,,,,,,,
Dindigul,Bear Shola Falls,Waterfall,Jul-Jan,JC Residency,"₹ 5,000",4.7,Pleasant,Kodaikanal,,,,,,,,,,,,,,,,
Dindigul,Berijam Lake,Nature,Oct-May,The Carlton Kodaikanal,"₹ 8,500",4.9,Cool,Kodaikanal Forest Route,,,,,,,,,,,,,,,,
Dindigul,Mannavanur Lake,Nature,Oct-May,Kodai Resort Hotel,"₹ 5,500",4.8,Cool,Mannavanur,,,,,,,,,,,,,,,,
Dindigul,Kukkal Caves,Heritage,Oct-May,Kodai Resort Hotel,"₹ 5,500",4.7,Cool,Kukkal Village,,,,,,,,,,,,,,,,
Dindigul,Kurinji Andavar Temple,Temple,Oct-Feb,Villa Retreat,"₹ 5,500",4.8,Pleasant,Kodaikanal,,,,,,,,,,,,,,,,
Dindigul,Dhandayuthapani Temple Palani,Pilgrim,Oct-Feb,Hotel SR Residency,"₹ 3,000",5,Pleasant,Palani,,,,,,,,,,,,,,,,
Dindigul,Periyanayaki Amman Temple,Temple,Oct-Feb,Hotel SR Residency,"₹ 3,000",4.7,Pleasant,Palani,,,,,,,,,,,,,,,,
Dindigul,Dindigul Rock Fort,Fort,Oct-Feb,Hotel Vivera Grande,"₹ 4,500",4.8,Pleasant,Dindigul City,,,,,,,,,,,,,,,,
Dindigul,St Joseph Church Kodaikanal,Church,Nov-Feb,JC Residency,"₹ 5,000",4.5,Pleasant,Kodaikanal,,,,,,,,,,,,,,,,
Dindigul,Sacred Heart Church Palani,Church,Nov-Feb,Hotel SR Residency,"₹ 3,000",4.4,Pleasant,Palani,,,,,,,,,,,,,,,,
Dindigul,Begambur Mosque,Mosque,Nov-Feb,Hotel Vivera Grande,"₹ 4,500",4.4,Pleasant,Dindigul,,,,,,,,,,,,,,,,
Dindigul,Palani Hills Wildlife Sanctuary,Wildlife,Nov-Feb,Kodai Resort Hotel,"₹ 5,500",4.8,Pleasant,Palani Hills,,,,,,,,,,,,,,,,
Dindigul,Green Valley View,View Point,Oct-Jun,The Carlton Kodaikanal,"₹ 8,500",4.9,Cool,Kodaikanal,,,,,,,,,,,,,,,,
